estado;mes;año;rateper100000people;unemployment rate;population;GDP;rgdp;rgdpgrowth;poverty
Alabama;1;2021;12.2;4.2;5050380;260018.4;107899;0.0514524600707471;15.9
Alabama;2;2021;11.5;3.9;5050380;260018.4;107899;0.0514524600707471;15.9
Alabama;3;2021;12.08;3.8;5050380;260018.4;107899;0.0514524600707471;15.9
Alabama;4;2021;10.94;3.7;5050380;260018.4;107899;0.0514524600707471;15.9
Alabama;5;2021;12.38;3.5;5050380;260018.4;107899;0.0514524600707471;15.9
Alabama;6;2021;12.47;3.5;5050380;260018.4;107899;0.0514524600707471;15.9
Alabama;7;2021;16.4;3.3;5050380;260018.4;107899;0.0514524600707471;15.9
Alabama;8;2021;14.87;3.2;5050380;260018.4;107899;0.0514524600707471;15.9
Alabama;9;2021;15.28;3;5050380;260018.4;107899;0.0514524600707471;15.9
Alabama;10;2021;17.98;2.9;5050380;260018.4;107899;0.0514524600707471;15.9
Alabama;11;2021;18.05;2.8;5050380;260018.4;107899;0.0514524600707471;15.9
Alabama;12;2021;20.46;2.7;5050380;260018.4;107899;0.0514524600707471;15.9
Alabama;1;2022;17.85;2.6;5073903;284949.1;110129;0.0206674760655798;13.6
Alabama;2;2022;18.41;2.6;5073903;284949.1;110129;0.0206674760655798;13.6
Alabama;3;2022;21.11;2.6;5073903;284949.1;110129;0.0206674760655798;13.6
Alabama;4;2022;20.48;2.5;5073903;284949.1;110129;0.0206674760655798;13.6
Alabama;5;2022;22.74;2.5;5073903;284949.1;110129;0.0206674760655798;13.6
Alabama;6;2022;21.81;2.5;5073903;284949.1;110129;0.0206674760655798;13.6
Alabama;7;2022;23.79;2.5;5073903;284949.1;110129;0.0206674760655798;13.6
Alabama;8;2022;25.24;2.5;5073903;284949.1;110129;0.0206674760655798;13.6
Alabama;9;2022;23.87;2.5;5073903;284949.1;110129;0.0206674760655798;13.6
Alabama;10;2022;26.16;2.5;5073903;284949.1;110129;0.0206674760655798;13.6
Alabama;11;2022;26.01;2.5;5073903;284949.1;110129;0.0206674760655798;13.6
Alabama;12;2022;28.26;2.4;5073903;284949.1;110129;0.0206674760655798;13.6
Alabama;1;2023;27.11;2.4;5108468;304935.6;113267;0.0284938572038246;14.2
Alabama;2;2023;24.63;2.3;5108468;304935.6;113267;0.0284938572038246;14.2
Alabama;3;2023;24.93;2.3;5108468;304935.6;113267;0.0284938572038246;14.2
Alabama;4;2023;25.22;2.3;5108468;304935.6;113267;0.0284938572038246;14.2
Alabama;5;2023;24.48;2.3;5108468;304935.6;113267;0.0284938572038246;14.2
Alabama;6;2023;24.29;2.3;5108468;304935.6;113267;0.0284938572038246;14.2
Alabama;7;2023;24.89;2.4;5108468;304935.6;113267;0.0284938572038246;14.2
Alabama;8;2023;25.46;2.5;5108468;304935.6;113267;0.0284938572038246;14.2
Alabama;9;2023;23.79;2.7;5108468;304935.6;113267;0.0284938572038246;14.2
Alabama;10;2023;24.21;2.8;5108468;304935.6;113267;0.0284938572038246;14.2
Alabama;11;2023;22.05;2.8;5108468;304935.6;113267;0.0284938572038246;14.2
Alabama;12;2023;22.68;2.8;5108468;304935.6;113267;0.0284938572038246;14.2
Alaska;1;2021;12.41;7;734923;58943.5;96085;0.022278728814461;11.4
Alaska;2;2021;11.92;7;734923;58943.5;96085;0.022278728814461;11.4
Alaska;3;2021;12.65;7;734923;58943.5;96085;0.022278728814461;11.4
Alaska;4;2021;15.09;7;734923;58943.5;96085;0.022278728814461;11.4
Alaska;5;2021;12.65;6.8;734923;58943.5;96085;0.022278728814461;11.4
Alaska;6;2021;12.41;6.8;734923;58943.5;96085;0.022278728814461;11.4
Alaska;7;2021;18.74;6.4;734923;58943.5;96085;0.022278728814461;11.4
Alaska;8;2021;18.25;6.2;734923;58943.5;96085;0.022278728814461;11.4
Alaska;9;2021;16.79;5.9;734923;58943.5;96085;0.022278728814461;11.4
Alaska;10;2021;20.69;5.7;734923;58943.5;96085;0.022278728814461;11.4
Alaska;11;2021;23.61;5.5;734923;58943.5;96085;0.022278728814461;11.4
Alaska;12;2021;14.6;5.3;734923;58943.5;96085;0.022278728814461;11.4
Alaska;1;2022;16.24;5.2;733276;66271.9;94802;-0.0133527605765728;9.6
Alaska;2;2022;14.78;4.8;733276;66271.9;94802;-0.0133527605765728;9.6
Alaska;3;2022;19.49;4.5;733276;66271.9;94802;-0.0133527605765728;9.6
Alaska;4;2022;22.41;4.3;733276;66271.9;94802;-0.0133527605765728;9.6
Alaska;5;2022;21.93;4.2;733276;66271.9;94802;-0.0133527605765728;9.6
Alaska;6;2022;18.27;4.1;733276;66271.9;94802;-0.0133527605765728;9.6
Alaska;7;2022;25.82;4;733276;66271.9;94802;-0.0133527605765728;9.6
Alaska;8;2022;26.31;3.8;733276;66271.9;94802;-0.0133527605765728;9.6
Alaska;9;2022;18.99;3.9;733276;66271.9;94802;-0.0133527605765728;9.6
Alaska;10;2022;18.99;4;733276;66271.9;94802;-0.0133527605765728;9.6
Alaska;11;2022;20.8;4;733276;66271.9;94802;-0.0133527605765728;9.6
Alaska;12;2022;20.58;4;733276;66271.9;94802;-0.0133527605765728;9.6
Alaska;1;2023;27.3;3.9;733406;68056;100950;0.0648509525115504;10.1
Alaska;2;2023;22.79;3.9;733406;68056;100950;0.0648509525115504;10.1
Alaska;3;2023;25.72;3.8;733406;68056;100950;0.0648509525115504;10.1
Alaska;4;2023;21.21;3.9;733406;68056;100950;0.0648509525115504;10.1
Alaska;5;2023;27.98;4;733406;68056;100950;0.0648509525115504;10.1
Alaska;6;2023;28.43;4.1;733406;68056;100950;0.0648509525115504;10.1
Alaska;7;2023;29.11;4.3;733406;68056;100950;0.0648509525115504;10.1
Alaska;8;2023;25.95;4.4;733406;68056;100950;0.0648509525115504;10.1
Alaska;9;2023;28.43;4.5;733406;68056;100950;0.0648509525115504;10.1
Alaska;10;2023;16.7;4.6;733406;68056;100950;0.0648509525115504;10.1
Alaska;11;2023;19.86;4.6;733406;68056;100950;0.0648509525115504;10.1
Alaska;12;2023;20.08;4.6;733406;68056;100950;0.0648509525115504;10.1
Arizona;1;2021;34.7;6.4;7272487;436778.6;118594;0.0822101564995209;12.6
Arizona;2;2021;35.59;6.2;7272487;436778.6;118594;0.0822101564995209;12.6
Arizona;3;2021;33.3;6;7272487;436778.6;118594;0.0822101564995209;12.6
Arizona;4;2021;29.93;5.8;7272487;436778.6;118594;0.0822101564995209;12.6
Arizona;5;2021;31.14;5.5;7272487;436778.6;118594;0.0822101564995209;12.6
Arizona;6;2021;30.86;5.3;7272487;436778.6;118594;0.0822101564995209;12.6
Arizona;7;2021;33.22;5;7272487;436778.6;118594;0.0822101564995209;12.6
Arizona;8;2021;35.27;4.6;7272487;436778.6;118594;0.0822101564995209;12.6
Arizona;9;2021;36.24;4.3;7272487;436778.6;118594;0.0822101564995209;12.6
Arizona;10;2021;36.18;4.1;7272487;436778.6;118594;0.0822101564995209;12.6
Arizona;11;2021;35.07;3.9;7272487;436778.6;118594;0.0822101564995209;12.6
Arizona;12;2021;36.88;3.7;7272487;436778.6;118594;0.0822101564995209;12.6
Arizona;1;2022;40.36;3.7;7365684;484052.2;123155;0.0384589439600654;12.7
Arizona;2;2022;36.3;3.6;7365684;484052.2;123155;0.0384589439600654;12.7
Arizona;3;2022;38.75;3.6;7365684;484052.2;123155;0.0384589439600654;12.7
Arizona;4;2022;34.83;3.6;7365684;484052.2;123155;0.0384589439600654;12.7
Arizona;5;2022;36.93;3.7;7365684;484052.2;123155;0.0384589439600654;12.7
Arizona;6;2022;38.99;3.7;7365684;484052.2;123155;0.0384589439600654;12.7
Arizona;7;2022;40.25;3.8;7365684;484052.2;123155;0.0384589439600654;12.7
Arizona;8;2022;40.52;3.9;7365684;484052.2;123155;0.0384589439600654;12.7
Arizona;9;2022;39.75;4;7365684;484052.2;123155;0.0384589439600654;12.7
Arizona;10;2022;40.03;4;7365684;484052.2;123155;0.0384589439600654;12.7
Arizona;11;2022;38.06;3.9;7365684;484052.2;123155;0.0384589439600654;12.7
Arizona;12;2022;40.73;3.8;7365684;484052.2;123155;0.0384589439600654;12.7
Arizona;1;2023;38.93;3.7;7431344;522767.2;126809;0.0296699281393366;11.9
Arizona;2;2023;36.07;3.7;7431344;522767.2;126809;0.0296699281393366;11.9
Arizona;3;2023;37.85;3.6;7431344;522767.2;126809;0.0296699281393366;11.9
Arizona;4;2023;35.83;3.6;7431344;522767.2;126809;0.0296699281393366;11.9
Arizona;5;2023;40.1;3.7;7431344;522767.2;126809;0.0296699281393366;11.9
Arizona;6;2023;38.16;3.8;7431344;522767.2;126809;0.0296699281393366;11.9
Arizona;7;2023;37.23;3.9;7431344;522767.2;126809;0.0296699281393366;11.9
Arizona;8;2023;39.24;4.1;7431344;522767.2;126809;0.0296699281393366;11.9
Arizona;9;2023;35.85;4.2;7431344;522767.2;126809;0.0296699281393366;11.9
Arizona;10;2023;40.62;4.2;7431344;522767.2;126809;0.0296699281393366;11.9
Arizona;11;2023;36.9;4.2;7431344;522767.2;126809;0.0296699281393366;11.9
Arizona;12;2023;41.4;4.2;7431344;522767.2;126809;0.0296699281393366;11.9
Arkansas;1;2021;20.57;4.9;3028443;154052.5;110963;0.0710817671985251;16.8
Arkansas;2;2021;16.05;4.8;3028443;154052.5;110963;0.0710817671985251;16.8
Arkansas;3;2021;18.15;4.7;3028443;154052.5;110963;0.0710817671985251;16.8
Arkansas;4;2021;16.58;4.5;3028443;154052.5;110963;0.0710817671985251;16.8
Arkansas;5;2021;16.25;4.4;3028443;154052.5;110963;0.0710817671985251;16.8
Arkansas;6;2021;15.03;4.2;3028443;154052.5;110963;0.0710817671985251;16.8
Arkansas;7;2021;18.42;3.9;3028443;154052.5;110963;0.0710817671985251;16.8
Arkansas;8;2021;16.47;3.7;3028443;154052.5;110963;0.0710817671985251;16.8
Arkansas;9;2021;15.81;3.5;3028443;154052.5;110963;0.0710817671985251;16.8
Arkansas;10;2021;18.08;3.4;3028443;154052.5;110963;0.0710817671985251;16.8
Arkansas;11;2021;17.48;3.3;3028443;154052.5;110963;0.0710817671985251;16.8
Arkansas;12;2021;22.26;3.2;3028443;154052.5;110963;0.0710817671985251;16.8
Arkansas;1;2022;18.67;3.2;3046404;168605.8;112656;0.0152573380315961;16.6
Arkansas;2;2022;16.49;3.2;3046404;168605.8;112656;0.0152573380315961;16.6
Arkansas;3;2022;19.2;3.2;3046404;168605.8;112656;0.0152573380315961;16.6
Arkansas;4;2022;19.64;3.1;3046404;168605.8;112656;0.0152573380315961;16.6
Arkansas;5;2022;19.66;3.2;3046404;168605.8;112656;0.0152573380315961;16.6
Arkansas;6;2022;19.14;3.2;3046404;168605.8;112656;0.0152573380315961;16.6
Arkansas;7;2022;20.74;3.2;3046404;168605.8;112656;0.0152573380315961;16.6
Arkansas;8;2022;23.92;3.3;3046404;168605.8;112656;0.0152573380315961;16.6
Arkansas;9;2022;19.78;3.3;3046404;168605.8;112656;0.0152573380315961;16.6
Arkansas;10;2022;20.87;3.3;3046404;168605.8;112656;0.0152573380315961;16.6
Arkansas;11;2022;23.59;3.2;3046404;168605.8;112656;0.0152573380315961;16.6
Arkansas;12;2022;22.82;3.1;3046404;168605.8;112656;0.0152573380315961;16.6
Arkansas;1;2023;20.26;3;3067732;178606.4;115319;0.0236383326232069;13.8
Arkansas;2;2023;17.17;2.9;3067732;178606.4;115319;0.0236383326232069;13.8
Arkansas;3;2023;17.71;2.8;3067732;178606.4;115319;0.0236383326232069;13.8
Arkansas;4;2023;17.29;2.8;3067732;178606.4;115319;0.0236383326232069;13.8
Arkansas;5;2023;19.07;2.9;3067732;178606.4;115319;0.0236383326232069;13.8
Arkansas;6;2023;17.63;3;3067732;178606.4;115319;0.0236383326232069;13.8
Arkansas;7;2023;22.52;3.2;3067732;178606.4;115319;0.0236383326232069;13.8
Arkansas;8;2023;22.04;3.4;3067732;178606.4;115319;0.0236383326232069;13.8
Arkansas;9;2023;21.64;3.6;3067732;178606.4;115319;0.0236383326232069;13.8
Arkansas;10;2023;21.6;3.7;3067732;178606.4;115319;0.0236383326232069;13.8
Arkansas;11;2023;24.41;3.7;3067732;178606.4;115319;0.0236383326232069;13.8
Arkansas;12;2023;24.89;3.7;3067732;178606.4;115319;0.0236383326232069;13.8
California;1;2021;10.56;8.7;39145060;3423958.3;115093;0.0752938318665097;11.9
California;2;2021;10.15;8.6;39145060;3423958.3;115093;0.0752938318665097;11.9
California;3;2021;9.77;8.4;39145060;3423958.3;115093;0.0752938318665097;11.9
California;4;2021;10;8.3;39145060;3423958.3;115093;0.0752938318665097;11.9
California;5;2021;12.52;7.9;39145060;3423958.3;115093;0.0752938318665097;11.9
California;6;2021;11.86;7.8;39145060;3423958.3;115093;0.0752938318665097;11.9
California;7;2021;13.37;7.4;39145060;3423958.3;115093;0.0752938318665097;11.9
California;8;2021;12.46;7;39145060;3423958.3;115093;0.0752938318665097;11.9
California;9;2021;12.67;6.5;39145060;3423958.3;115093;0.0752938318665097;11.9
California;10;2021;12.91;6.1;39145060;3423958.3;115093;0.0752938318665097;11.9
California;11;2021;15.37;5.7;39145060;3423958.3;115093;0.0752938318665097;11.9
California;12;2021;16.3;5.5;39145060;3423958.3;115093;0.0752938318665097;11.9
California;1;2022;16.97;5.2;39040616;3660415.7;116181;0.009453224783436;11.2
California;2;2022;17.81;4.8;39040616;3660415.7;116181;0.009453224783436;11.2
California;3;2022;18.97;4.4;39040616;3660415.7;116181;0.009453224783436;11.2
California;4;2022;18.13;4.2;39040616;3660415.7;116181;0.009453224783436;11.2
California;5;2022;17.26;4.1;39040616;3660415.7;116181;0.009453224783436;11.2
California;6;2022;16.55;4;39040616;3660415.7;116181;0.009453224783436;11.2
California;7;2022;17.73;3.9;39040616;3660415.7;116181;0.009453224783436;11.2
California;8;2022;17.87;3.8;39040616;3660415.7;116181;0.009453224783436;11.2
California;9;2022;18.37;4;39040616;3660415.7;116181;0.009453224783436;11.2
California;10;2022;19.65;4.2;39040616;3660415.7;116181;0.009453224783436;11.2
California;11;2022;19.82;4.3;39040616;3660415.7;116181;0.009453224783436;11.2
California;12;2022;21.46;4.4;39040616;3660415.7;116181;0.009453224783436;11.2
California;1;2023;22.94;4.5;38965193;3870378.9;118540;0.0203045248362469;11.9
California;2;2023;22.72;4.5;38965193;3870378.9;118540;0.0203045248362469;11.9
California;3;2023;25.17;4.5;38965193;3870378.9;118540;0.0203045248362469;11.9
California;4;2023;24.76;4.5;38965193;3870378.9;118540;0.0203045248362469;11.9
California;5;2023;26.96;4.5;38965193;3870378.9;118540;0.0203045248362469;11.9
California;6;2023;26.74;4.6;38965193;3870378.9;118540;0.0203045248362469;11.9
California;7;2023;27.11;4.7;38965193;3870378.9;118540;0.0203045248362469;11.9
California;8;2023;27.39;4.8;38965193;3870378.9;118540;0.0203045248362469;11.9
California;9;2023;26.18;5;38965193;3870378.9;118540;0.0203045248362469;11.9
California;10;2023;27.04;5.1;38965193;3870378.9;118540;0.0203045248362469;11.9
California;11;2023;28.85;5.1;38965193;3870378.9;118540;0.0203045248362469;11.9
California;12;2023;29.39;5.1;38965193;3870378.9;118540;0.0203045248362469;11.9
Colorado;1;2021;32.73;6.3;5811596;445835.7;116060;0.0690763718093975;7.9
Colorado;2;2021;26.77;6.3;5811596;445835.7;116060;0.0690763718093975;7.9
Colorado;3;2021;25.85;6.2;5811596;445835.7;116060;0.0690763718093975;7.9
Colorado;4;2021;22.72;6.2;5811596;445835.7;116060;0.0690763718093975;7.9
Colorado;5;2021;24.38;5.9;5811596;445835.7;116060;0.0690763718093975;7.9
Colorado;6;2021;24.44;5.9;5811596;445835.7;116060;0.0690763718093975;7.9
Colorado;7;2021;24.23;5.6;5811596;445835.7;116060;0.0690763718093975;7.9
Colorado;8;2021;23.56;5.3;5811596;445835.7;116060;0.0690763718093975;7.9
Colorado;9;2021;23.92;4.9;5811596;445835.7;116060;0.0690763718093975;7.9
Colorado;10;2021;26.03;4.6;5811596;445835.7;116060;0.0690763718093975;7.9
Colorado;11;2021;27.12;4.4;5811596;445835.7;116060;0.0690763718093975;7.9
Colorado;12;2021;27.87;4.2;5811596;445835.7;116060;0.0690763718093975;7.9
Colorado;1;2022;26.15;4;5841039;494672.8;119591;0.0304239186627606;8.1
Colorado;2;2022;24.74;3.6;5841039;494672.8;119591;0.0304239186627606;8.1
Colorado;3;2022;27.32;3.3;5841039;494672.8;119591;0.0304239186627606;8.1
Colorado;4;2022;26.38;3.1;5841039;494672.8;119591;0.0304239186627606;8.1
Colorado;5;2022;26.45;3;5841039;494672.8;119591;0.0304239186627606;8.1
Colorado;6;2022;24.66;2.8;5841039;494672.8;119591;0.0304239186627606;8.1
Colorado;7;2022;26.43;2.7;5841039;494672.8;119591;0.0304239186627606;8.1
Colorado;8;2022;26.58;2.6;5841039;494672.8;119591;0.0304239186627606;8.1
Colorado;9;2022;24.12;2.8;5841039;494672.8;119591;0.0304239186627606;8.1
Colorado;10;2022;26.52;2.9;5841039;494672.8;119591;0.0304239186627606;8.1
Colorado;11;2022;27.38;3;5841039;494672.8;119591;0.0304239186627606;8.1
Colorado;12;2022;27.51;3;5841039;494672.8;119591;0.0304239186627606;8.1
Colorado;1;2023;28.66;3;5877610;529626.5;124799;0.0435484275572577;8.5
Colorado;2;2023;26.95;3;5877610;529626.5;124799;0.0435484275572577;8.5
Colorado;3;2023;32.32;3;5877610;529626.5;124799;0.0435484275572577;8.5
Colorado;4;2023;28.72;3;5877610;529626.5;124799;0.0435484275572577;8.5
Colorado;5;2023;32.3;3.1;5877610;529626.5;124799;0.0435484275572577;8.5
Colorado;6;2023;30.19;3.1;5877610;529626.5;124799;0.0435484275572577;8.5
Colorado;7;2023;30.88;3.2;5877610;529626.5;124799;0.0435484275572577;8.5
Colorado;8;2023;31.77;3.2;5877610;529626.5;124799;0.0435484275572577;8.5
Colorado;9;2023;29;3.3;5877610;529626.5;124799;0.0435484275572577;8.5
Colorado;10;2023;32.22;3.3;5877610;529626.5;124799;0.0435484275572577;8.5
Colorado;11;2023;34.35;3.3;5877610;529626.5;124799;0.0435484275572577;8.5
Colorado;12;2023;37.79;3.3;5877610;529626.5;124799;0.0435484275572577;8.5
Connecticut;1;2021;24.38;7.1;3603691;296801.3;98526;0.0347956686586916;8
Connecticut;2;2021;23.05;7.1;3603691;296801.3;98526;0.0347956686586916;8
Connecticut;3;2021;23.8;7;3603691;296801.3;98526;0.0347956686586916;8
Connecticut;4;2021;21.02;7.1;3603691;296801.3;98526;0.0347956686586916;8
Connecticut;5;2021;22.99;6.9;3603691;296801.3;98526;0.0347956686586916;8
Connecticut;6;2021;25.27;6.8;3603691;296801.3;98526;0.0347956686586916;8
Connecticut;7;2021;25.13;6.5;3603691;296801.3;98526;0.0347956686586916;8
Connecticut;8;2021;23.82;6.2;3603691;296801.3;98526;0.0347956686586916;8
Connecticut;9;2021;24.43;5.9;3603691;296801.3;98526;0.0347956686586916;8
Connecticut;10;2021;27.43;5.6;3603691;296801.3;98526;0.0347956686586916;8
Connecticut;11;2021;25.79;5.3;3603691;296801.3;98526;0.0347956686586916;8
Connecticut;12;2021;26.15;5.1;3603691;296801.3;98526;0.0347956686586916;8
Connecticut;1;2022;24.76;4.9;3608706;321686.4;101862;0.0338590828816759;10.2
Connecticut;2;2022;24.52;4.6;3608706;321686.4;101862;0.0338590828816759;10.2
Connecticut;3;2022;24.65;4.4;3608706;321686.4;101862;0.0338590828816759;10.2
Connecticut;4;2022;24.53;4.3;3608706;321686.4;101862;0.0338590828816759;10.2
Connecticut;5;2022;26.31;4.1;3608706;321686.4;101862;0.0338590828816759;10.2
Connecticut;6;2022;28.33;4;3608706;321686.4;101862;0.0338590828816759;10.2
Connecticut;7;2022;27.74;3.9;3608706;321686.4;101862;0.0338590828816759;10.2
Connecticut;8;2022;26.56;3.8;3608706;321686.4;101862;0.0338590828816759;10.2
Connecticut;9;2022;26.64;3.8;3608706;321686.4;101862;0.0338590828816759;10.2
Connecticut;10;2022;28.38;3.8;3608706;321686.4;101862;0.0338590828816759;10.2
Connecticut;11;2022;26.97;3.8;3608706;321686.4;101862;0.0338590828816759;10.2
Connecticut;12;2022;28.68;3.7;3608706;321686.4;101862;0.0338590828816759;10.2
Connecticut;1;2023;31.77;3.6;3617176;345911.9;104657;0.0274390842512419;8.3
Connecticut;2;2023;27.34;3.5;3617176;345911.9;104657;0.0274390842512419;8.3
Connecticut;3;2023;30.33;3.4;3617176;345911.9;104657;0.0274390842512419;8.3
Connecticut;4;2023;25.19;3.3;3617176;345911.9;104657;0.0274390842512419;8.3
Connecticut;5;2023;28.09;3.3;3617176;345911.9;104657;0.0274390842512419;8.3
Connecticut;6;2023;29.61;3.4;3617176;345911.9;104657;0.0274390842512419;8.3
Connecticut;7;2023;28.23;3.6;3617176;345911.9;104657;0.0274390842512419;8.3
Connecticut;8;2023;30.58;3.8;3617176;345911.9;104657;0.0274390842512419;8.3
Connecticut;9;2023;29.58;4;3617176;345911.9;104657;0.0274390842512419;8.3
Connecticut;10;2023;31.24;4.2;3617176;345911.9;104657;0.0274390842512419;8.3
Connecticut;11;2023;30.66;4.2;3617176;345911.9;104657;0.0274390842512419;8.3
Connecticut;12;2023;29.64;4.2;3617176;345911.9;104657;0.0274390842512419;8.3
Delaware;1;2021;37.97;5.7;1004881;83069.8;107334;0.0296518711088514;11.7
Delaware;2;2021;35.08;5.8;1004881;83069.8;107334;0.0296518711088514;11.7
Delaware;3;2021;34.38;5.9;1004881;83069.8;107334;0.0296518711088514;11.7
Delaware;4;2021;31.19;5.9;1004881;83069.8;107334;0.0296518711088514;11.7
Delaware;5;2021;35.58;5.9;1004881;83069.8;107334;0.0296518711088514;11.7
Delaware;6;2021;40.26;5.8;1004881;83069.8;107334;0.0296518711088514;11.7
Delaware;7;2021;40.96;5.6;1004881;83069.8;107334;0.0296518711088514;11.7
Delaware;8;2021;39.47;5.4;1004881;83069.8;107334;0.0296518711088514;11.7
Delaware;9;2021;40.66;5.2;1004881;83069.8;107334;0.0296518711088514;11.7
Delaware;10;2021;44.75;5;1004881;83069.8;107334;0.0296518711088514;11.7
Delaware;11;2021;42.36;4.8;1004881;83069.8;107334;0.0296518711088514;11.7
Delaware;12;2021;39.54;4.7;1004881;83069.8;107334;0.0296518711088514;11.7
Delaware;1;2022;36.98;4.6;1019459;92558.2;110917;0.0333817802373898;9.3
Delaware;2;2022;41.26;4.4;1019459;92558.2;110917;0.0333817802373898;9.3
Delaware;3;2022;44.51;4.3;1019459;92558.2;110917;0.0333817802373898;9.3
Delaware;4;2022;44.41;4.2;1019459;92558.2;110917;0.0333817802373898;9.3
Delaware;5;2022;46.84;4.2;1019459;92558.2;110917;0.0333817802373898;9.3
Delaware;6;2022;50.18;4.2;1019459;92558.2;110917;0.0333817802373898;9.3
Delaware;7;2022;44.29;4.1;1019459;92558.2;110917;0.0333817802373898;9.3
Delaware;8;2022;44.58;4.1;1019459;92558.2;110917;0.0333817802373898;9.3
Delaware;9;2022;48.51;4.2;1019459;92558.2;110917;0.0333817802373898;9.3
Delaware;10;2022;45.1;4.2;1019459;92558.2;110917;0.0333817802373898;9.3
Delaware;11;2022;44.1;4.2;1019459;92558.2;110917;0.0333817802373898;9.3
Delaware;12;2022;40.15;4.1;1019459;92558.2;110917;0.0333817802373898;9.3
Delaware;1;2023;44.17;4.1;1031890;98068.7;112161;0.0112155936420927;7.8
Delaware;2;2023;42.56;4;1031890;98068.7;112161;0.0112155936420927;7.8
Delaware;3;2023;45.94;3.9;1031890;98068.7;112161;0.0112155936420927;7.8
Delaware;4;2023;53.11;3.8;1031890;98068.7;112161;0.0112155936420927;7.8
Delaware;5;2023;48.36;3.8;1031890;98068.7;112161;0.0112155936420927;7.8
Delaware;6;2023;47.1;3.9;1031890;98068.7;112161;0.0112155936420927;7.8
Delaware;7;2023;44.58;3.9;1031890;98068.7;112161;0.0112155936420927;7.8
Delaware;8;2023;51.82;4;1031890;98068.7;112161;0.0112155936420927;7.8
Delaware;9;2023;47.11;4.1;1031890;98068.7;112161;0.0112155936420927;7.8
Delaware;10;2023;47.58;4.1;1031890;98068.7;112161;0.0112155936420927;7.8
Delaware;11;2023;46.13;4.1;1031890;98068.7;112161;0.0112155936420927;7.8
Delaware;12;2023;43.51;4.1;1031890;98068.7;112161;0.0112155936420927;7.8
Florida;1;2021;15.87;5.9;21830708;1298631.2;115338;0.0941949928374237;12.6
Florida;2;2021;15.59;5.6;21830708;1298631.2;115338;0.0941949928374237;12.6
Florida;3;2021;15.72;5.4;21830708;1298631.2;115338;0.0941949928374237;12.6
Florida;4;2021;13.43;5.2;21830708;1298631.2;115338;0.0941949928374237;12.6
Florida;5;2021;13.59;4.9;21830708;1298631.2;115338;0.0941949928374237;12.6
Florida;6;2021;14.37;4.9;21830708;1298631.2;115338;0.0941949928374237;12.6
Florida;7;2021;14.88;4.6;21830708;1298631.2;115338;0.0941949928374237;12.6
Florida;8;2021;15.53;4.4;21830708;1298631.2;115338;0.0941949928374237;12.6
Florida;9;2021;17.9;4.1;21830708;1298631.2;115338;0.0941949928374237;12.6
Florida;10;2021;19.66;3.9;21830708;1298631.2;115338;0.0941949928374237;12.6
Florida;11;2021;19.6;3.8;21830708;1298631.2;115338;0.0941949928374237;12.6
Florida;12;2021;20.33;3.6;21830708;1298631.2;115338;0.0941949928374237;12.6
Florida;1;2022;23.7;3.5;22245521;1465281.1;122172;0.0592519377828643;13.5
Florida;2;2022;20.9;3.3;22245521;1465281.1;122172;0.0592519377828643;13.5
Florida;3;2022;24.02;3.2;22245521;1465281.1;122172;0.0592519377828643;13.5
Florida;4;2022;24.73;3.1;22245521;1465281.1;122172;0.0592519377828643;13.5
Florida;5;2022;22.29;3;22245521;1465281.1;122172;0.0592519377828643;13.5
Florida;6;2022;21.97;2.9;22245521;1465281.1;122172;0.0592519377828643;13.5
Florida;7;2022;24.23;2.8;22245521;1465281.1;122172;0.0592519377828643;13.5
Florida;8;2022;25.5;2.8;22245521;1465281.1;122172;0.0592519377828643;13.5
Florida;9;2022;25.83;2.8;22245521;1465281.1;122172;0.0592519377828643;13.5
Florida;10;2022;27.33;2.9;22245521;1465281.1;122172;0.0592519377828643;13.5
Florida;11;2022;25.67;2.8;22245521;1465281.1;122172;0.0592519377828643;13.5
Florida;12;2022;27.69;2.8;22245521;1465281.1;122172;0.0592519377828643;13.5
Florida;1;2023;26.15;2.8;22610726;1600810.6;127385;0.0426693514062142;11.6
Florida;2;2023;23.89;2.8;22610726;1600810.6;127385;0.0426693514062142;11.6
Florida;3;2023;28.65;2.8;22610726;1600810.6;127385;0.0426693514062142;11.6
Florida;4;2023;27.91;2.7;22610726;1600810.6;127385;0.0426693514062142;11.6
Florida;5;2023;29.81;2.8;22610726;1600810.6;127385;0.0426693514062142;11.6
Florida;6;2023;28.91;2.8;22610726;1600810.6;127385;0.0426693514062142;11.6
Florida;7;2023;30.43;2.9;22610726;1600810.6;127385;0.0426693514062142;11.6
Florida;8;2023;30.21;3;22610726;1600810.6;127385;0.0426693514062142;11.6
Florida;9;2023;28.11;3;22610726;1600810.6;127385;0.0426693514062142;11.6
Florida;10;2023;31.28;3.1;22610726;1600810.6;127385;0.0426693514062142;11.6
Florida;11;2023;30.28;3.1;22610726;1600810.6;127385;0.0426693514062142;11.6
Florida;12;2023;32.28;3.1;22610726;1600810.6;127385;0.0426693514062142;11.6
Georgia;1;2021;18.22;4.8;10790385;705546.7;110191;0.0632810012254784;14
Georgia;2;2021;17.65;4.6;10790385;705546.7;110191;0.0632810012254784;14
Georgia;3;2021;16.27;4.4;10790385;705546.7;110191;0.0632810012254784;14
Georgia;4;2021;13.14;4.3;10790385;705546.7;110191;0.0632810012254784;14
Georgia;5;2021;14.32;4.1;10790385;705546.7;110191;0.0632810012254784;14
Georgia;6;2021;14.62;4;10790385;705546.7;110191;0.0632810012254784;14
Georgia;7;2021;15.31;3.9;10790385;705546.7;110191;0.0632810012254784;14
Georgia;8;2021;15.98;3.7;10790385;705546.7;110191;0.0632810012254784;14
Georgia;9;2021;16.92;3.5;10790385;705546.7;110191;0.0632810012254784;14
Georgia;10;2021;16.01;3.4;10790385;705546.7;110191;0.0632810012254784;14
Georgia;11;2021;16.66;3.3;10790385;705546.7;110191;0.0632810012254784;14
Georgia;12;2021;16.91;3.2;10790385;705546.7;110191;0.0632810012254784;14
Georgia;1;2022;16.07;3.1;10913150;779684;114075;0.0352478877585284;11.7
Georgia;2;2022;16.58;3.1;10913150;779684;114075;0.0352478877585284;11.7
Georgia;3;2022;16.53;3;10913150;779684;114075;0.0352478877585284;11.7
Georgia;4;2022;16.77;3;10913150;779684;114075;0.0352478877585284;11.7
Georgia;5;2022;17.78;3;10913150;779684;114075;0.0352478877585284;11.7
Georgia;6;2022;17.51;3.1;10913150;779684;114075;0.0352478877585284;11.7
Georgia;7;2022;18.69;3.1;10913150;779684;114075;0.0352478877585284;11.7
Georgia;8;2022;19.48;3.2;10913150;779684;114075;0.0352478877585284;11.7
Georgia;9;2022;19.02;3.2;10913150;779684;114075;0.0352478877585284;11.7
Georgia;10;2022;19.34;3.3;10913150;779684;114075;0.0352478877585284;11.7
Georgia;11;2022;20.01;3.3;10913150;779684;114075;0.0352478877585284;11.7
Georgia;12;2022;22.28;3.3;10913150;779684;114075;0.0352478877585284;11.7
Georgia;1;2023;21.62;3.2;11029227;831827.7;116221;0.0188121849660311;12.9
Georgia;2;2023;20.09;3.2;11029227;831827.7;116221;0.0188121849660311;12.9
Georgia;3;2023;21.62;3.2;11029227;831827.7;116221;0.0188121849660311;12.9
Georgia;4;2023;23.4;3.2;11029227;831827.7;116221;0.0188121849660311;12.9
Georgia;5;2023;22.92;3.2;11029227;831827.7;116221;0.0188121849660311;12.9
Georgia;6;2023;23.23;3.2;11029227;831827.7;116221;0.0188121849660311;12.9
Georgia;7;2023;24.3;3.2;11029227;831827.7;116221;0.0188121849660311;12.9
Georgia;8;2023;22.52;3.2;11029227;831827.7;116221;0.0188121849660311;12.9
Georgia;9;2023;23.94;3.2;11029227;831827.7;116221;0.0188121849660311;12.9
Georgia;10;2023;24.99;3.2;11029227;831827.7;116221;0.0188121849660311;12.9
Georgia;11;2023;23.61;3.2;11029227;831827.7;116221;0.0188121849660311;12.9
Georgia;12;2023;25.24;3.2;11029227;831827.7;116221;0.0188121849660311;12.9
Hawaii;1;2021;16.37;9.4;1446745;93400.4;96537;0.0572213947783424;10.9
Hawaii;2;2021;13.87;8.9;1446745;93400.4;96537;0.0572213947783424;10.9
Hawaii;3;2021;17.06;8.2;1446745;93400.4;96537;0.0572213947783424;10.9
Hawaii;4;2021;15.47;7.6;1446745;93400.4;96537;0.0572213947783424;10.9
Hawaii;5;2021;15.47;6.6;1446745;93400.4;96537;0.0572213947783424;10.9
Hawaii;6;2021;15.89;7;1446745;93400.4;96537;0.0572213947783424;10.9
Hawaii;7;2021;13.87;5.5;1446745;93400.4;96537;0.0572213947783424;10.9
Hawaii;8;2021;14.57;4.9;1446745;93400.4;96537;0.0572213947783424;10.9
Hawaii;9;2021;14.91;4.2;1446745;93400.4;96537;0.0572213947783424;10.9
Hawaii;10;2021;17.06;3.4;1446745;93400.4;96537;0.0572213947783424;10.9
Hawaii;11;2021;15.89;3.1;1446745;93400.4;96537;0.0572213947783424;10.9
Hawaii;12;2021;15.26;2.7;1446745;93400.4;96537;0.0572213947783424;10.9
Hawaii;1;2022;20.34;3.2;1439399;103153.1;99373;0.0293773371867781;8.8
Hawaii;2;2022;22.29;3.1;1439399;103153.1;99373;0.0293773371867781;8.8
Hawaii;3;2022;24.64;3;1439399;103153.1;99373;0.0293773371867781;8.8
Hawaii;4;2022;24.48;3.1;1439399;103153.1;99373;0.0293773371867781;8.8
Hawaii;5;2022;21.96;3.1;1439399;103153.1;99373;0.0293773371867781;8.8
Hawaii;6;2022;20.99;3.9;1439399;103153.1;99373;0.0293773371867781;8.8
Hawaii;7;2022;21.56;3.4;1439399;103153.1;99373;0.0293773371867781;8.8
Hawaii;8;2022;20.99;3.5;1439399;103153.1;99373;0.0293773371867781;8.8
Hawaii;9;2022;21.64;3.5;1439399;103153.1;99373;0.0293773371867781;8.8
Hawaii;10;2022;22.17;3.4;1439399;103153.1;99373;0.0293773371867781;8.8
Hawaii;11;2022;21.24;3.4;1439399;103153.1;99373;0.0293773371867781;8.8
Hawaii;12;2022;20.49;2.9;1439399;103153.1;99373;0.0293773371867781;8.8
Hawaii;1;2023;17.8;3;1435138;110265.4;101347;0.0198645507330965;8.2
Hawaii;2;2023;15.58;2.9;1435138;110265.4;101347;0.0198645507330965;8.2
Hawaii;3;2023;20.91;2.8;1435138;110265.4;101347;0.0198645507330965;8.2
Hawaii;4;2023;16.29;2.5;1435138;110265.4;101347;0.0198645507330965;8.2
Hawaii;5;2023;20.16;2.7;1435138;110265.4;101347;0.0198645507330965;8.2
Hawaii;6;2023;15.66;3.4;1435138;110265.4;101347;0.0198645507330965;8.2
Hawaii;7;2023;16.45;2.8;1435138;110265.4;101347;0.0198645507330965;8.2
Hawaii;8;2023;21.66;3.1;1435138;110265.4;101347;0.0198645507330965;8.2
Hawaii;9;2023;20.44;3.3;1435138;110265.4;101347;0.0198645507330965;8.2
Hawaii;10;2023;17.99;3.1;1435138;110265.4;101347;0.0198645507330965;8.2
Hawaii;11;2023;14.6;3;1435138;110265.4;101347;0.0198645507330965;8.2
Hawaii;12;2023;8.48;2.9;1435138;110265.4;101347;0.0198645507330965;8.2
Idaho;1;2021;13.39;4.1;1904537;99839.1;121985;0.0755916481501076;9.3
Idaho;2;2021;14.22;4.1;1904537;99839.1;121985;0.0755916481501076;9.3
Idaho;3;2021;12.94;4;1904537;99839.1;121985;0.0755916481501076;9.3
Idaho;4;2021;12.49;3.9;1904537;99839.1;121985;0.0755916481501076;9.3
Idaho;5;2021;13.62;3.7;1904537;99839.1;121985;0.0755916481501076;9.3
Idaho;6;2021;12.91;3.6;1904537;99839.1;121985;0.0755916481501076;9.3
Idaho;7;2021;12.71;3.5;1904537;99839.1;121985;0.0755916481501076;9.3
Idaho;8;2021;13.7;3.4;1904537;99839.1;121985;0.0755916481501076;9.3
Idaho;9;2021;13.63;3.3;1904537;99839.1;121985;0.0755916481501076;9.3
Idaho;10;2021;14.72;3.1;1904537;99839.1;121985;0.0755916481501076;9.3
Idaho;11;2021;15.38;3;1904537;99839.1;121985;0.0755916481501076;9.3
Idaho;12;2021;14.72;2.9;1904537;99839.1;121985;0.0755916481501076;9.3
Idaho;1;2022;13.93;2.8;1938996;112290.1;127379;0.0442185514612452;8.2
Idaho;2;2022;13.67;2.7;1938996;112290.1;127379;0.0442185514612452;8.2
Idaho;3;2022;14.24;2.7;1938996;112290.1;127379;0.0442185514612452;8.2
Idaho;4;2022;13.15;2.7;1938996;112290.1;127379;0.0442185514612452;8.2
Idaho;5;2022;17.13;2.7;1938996;112290.1;127379;0.0442185514612452;8.2
Idaho;6;2022;16.2;2.8;1938996;112290.1;127379;0.0442185514612452;8.2
Idaho;7;2022;15.58;2.9;1938996;112290.1;127379;0.0442185514612452;8.2
Idaho;8;2022;16.04;2.9;1938996;112290.1;127379;0.0442185514612452;8.2
Idaho;9;2022;16.61;3;1938996;112290.1;127379;0.0442185514612452;8.2
Idaho;10;2022;15.68;3;1938996;112290.1;127379;0.0442185514612452;8.2
Idaho;11;2022;16.82;3;1938996;112290.1;127379;0.0442185514612452;8.2
Idaho;12;2022;13.44;2.9;1938996;112290.1;127379;0.0442185514612452;8.2
Idaho;1;2023;13.8;2.9;1964726;120958.3;131484;0.0322266621656631;9.1
Idaho;2;2023;14.71;2.9;1964726;120958.3;131484;0.0322266621656631;9.1
Idaho;3;2023;15.73;2.9;1964726;120958.3;131484;0.0322266621656631;9.1
Idaho;4;2023;15.52;2.9;1964726;120958.3;131484;0.0322266621656631;9.1
Idaho;5;2023;18.33;2.9;1964726;120958.3;131484;0.0322266621656631;9.1
Idaho;6;2023;15.26;3;1964726;120958.3;131484;0.0322266621656631;9.1
Idaho;7;2023;14.89;3.1;1964726;120958.3;131484;0.0322266621656631;9.1
Idaho;8;2023;14.42;3.2;1964726;120958.3;131484;0.0322266621656631;9.1
Idaho;9;2023;16.04;3.3;1964726;120958.3;131484;0.0322266621656631;9.1
Idaho;10;2023;15.47;3.3;1964726;120958.3;131484;0.0322266621656631;9.1
Idaho;11;2023;15.19;3.3;1964726;120958.3;131484;0.0322266621656631;9.1
Idaho;12;2023;15.43;3.3;1964726;120958.3;131484;0.0322266621656631;9.1
Illinois;1;2021;16.66;7.8;12690341;946776.2;102769;0.0563921754057749;10.7
Illinois;2;2021;15.76;7.3;12690341;946776.2;102769;0.0563921754057749;10.7
Illinois;3;2021;17.33;6.7;12690341;946776.2;102769;0.0563921754057749;10.7
Illinois;4;2021;13.97;6.5;12690341;946776.2;102769;0.0563921754057749;10.7
Illinois;5;2021;16.97;6.2;12690341;946776.2;102769;0.0563921754057749;10.7
Illinois;6;2021;10.57;7.3;12690341;946776.2;102769;0.0563921754057749;10.7
Illinois;7;2021;16.94;6.6;12690341;946776.2;102769;0.0563921754057749;10.7
Illinois;8;2021;15.41;6.2;12690341;946776.2;102769;0.0563921754057749;10.7
Illinois;9;2021;17.61;5.2;12690341;946776.2;102769;0.0563921754057749;10.7
Illinois;10;2021;19.66;4.9;12690341;946776.2;102769;0.0563921754057749;10.7
Illinois;11;2021;18.25;4.4;12690341;946776.2;102769;0.0563921754057749;10.7
Illinois;12;2021;19.66;4.2;12690341;946776.2;102769;0.0563921754057749;10.7
Illinois;1;2022;20.07;5.2;12582515;1040353.3;105248;0.0241220601543267;9.5
Illinois;2;2022;21.24;5;12582515;1040353.3;105248;0.0241220601543267;9.5
Illinois;3;2022;22.87;4.6;12582515;1040353.3;105248;0.0241220601543267;9.5
Illinois;4;2022;22.48;4.3;12582515;1040353.3;105248;0.0241220601543267;9.5
Illinois;5;2022;22.68;4.4;12582515;1040353.3;105248;0.0241220601543267;9.5
Illinois;6;2022;21.59;4.9;12582515;1040353.3;105248;0.0241220601543267;9.5
Illinois;7;2022;23.54;4.8;12582515;1040353.3;105248;0.0241220601543267;9.5
Illinois;8;2022;24.33;4.9;12582515;1040353.3;105248;0.0241220601543267;9.5
Illinois;9;2022;24.06;4.3;12582515;1040353.3;105248;0.0241220601543267;9.5
Illinois;10;2022;24.99;4.3;12582515;1040353.3;105248;0.0241220601543267;9.5
Illinois;11;2022;23.28;4.2;12582515;1040353.3;105248;0.0241220601543267;9.5
Illinois;12;2022;25.05;4;12582515;1040353.3;105248;0.0241220601543267;9.5
Illinois;1;2023;24.22;4.7;12549689;1098346.1;106343;0.0104039981757373;9.8
Illinois;2;2023;21.12;4.7;12549689;1098346.1;106343;0.0104039981757373;9.8
Illinois;3;2023;24.01;4.3;12549689;1098346.1;106343;0.0104039981757373;9.8
Illinois;4;2023;24.18;3.8;12549689;1098346.1;106343;0.0104039981757373;9.8
Illinois;5;2023;26.01;4;12549689;1098346.1;106343;0.0104039981757373;9.8
Illinois;6;2023;27.71;4.8;12549689;1098346.1;106343;0.0104039981757373;9.8
Illinois;7;2023;27.89;4.7;12549689;1098346.1;106343;0.0104039981757373;9.8
Illinois;8;2023;30.09;5.1;12549689;1098346.1;106343;0.0104039981757373;9.8
Illinois;9;2023;27.33;4.7;12549689;1098346.1;106343;0.0104039981757373;9.8
Illinois;10;2023;30.94;4.5;12549689;1098346.1;106343;0.0104039981757373;9.8
Illinois;11;2023;29.85;4.1;12549689;1098346.1;106343;0.0104039981757373;9.8
Illinois;12;2023;31.06;4.2;12549689;1098346.1;106343;0.0104039981757373;9.8
Indiana;1;2021;18.21;4.7;6813798;425863.8;108275;0.0759713803040843;10.4
Indiana;2;2021;15.85;4.6;6813798;425863.8;108275;0.0759713803040843;10.4
Indiana;3;2021;16.1;4.5;6813798;425863.8;108275;0.0759713803040843;10.4
Indiana;4;2021;14.45;4.4;6813798;425863.8;108275;0.0759713803040843;10.4
Indiana;5;2021;16.31;4.2;6813798;425863.8;108275;0.0759713803040843;10.4
Indiana;6;2021;16.16;4.1;6813798;425863.8;108275;0.0759713803040843;10.4
Indiana;7;2021;16.67;3.9;6813798;425863.8;108275;0.0759713803040843;10.4
Indiana;8;2021;15.73;3.7;6813798;425863.8;108275;0.0759713803040843;10.4
Indiana;9;2021;15.08;3.5;6813798;425863.8;108275;0.0759713803040843;10.4
Indiana;10;2021;16.42;3.3;6813798;425863.8;108275;0.0759713803040843;10.4
Indiana;11;2021;18.51;3.1;6813798;425863.8;108275;0.0759713803040843;10.4
Indiana;12;2021;19.79;3;6813798;425863.8;108275;0.0759713803040843;10.4
Indiana;1;2022;17.07;2.9;6832274;473492.9;111676;0.0314107596398061;10.4
Indiana;2;2022;14.89;2.9;6832274;473492.9;111676;0.0314107596398061;10.4
Indiana;3;2022;16.5;2.8;6832274;473492.9;111676;0.0314107596398061;10.4
Indiana;4;2022;19.1;2.9;6832274;473492.9;111676;0.0314107596398061;10.4
Indiana;5;2022;19.07;2.9;6832274;473492.9;111676;0.0314107596398061;10.4
Indiana;6;2022;18.27;3;6832274;473492.9;111676;0.0314107596398061;10.4
Indiana;7;2022;20.26;3.1;6832274;473492.9;111676;0.0314107596398061;10.4
Indiana;8;2022;20.33;3.2;6832274;473492.9;111676;0.0314107596398061;10.4
Indiana;9;2022;20.87;3.2;6832274;473492.9;111676;0.0314107596398061;10.4
Indiana;10;2022;20.64;3.3;6832274;473492.9;111676;0.0314107596398061;10.4
Indiana;11;2022;21.05;3.3;6832274;473492.9;111676;0.0314107596398061;10.4
Indiana;12;2022;22.3;3.3;6832274;473492.9;111676;0.0314107596398061;10.4
Indiana;1;2023;20.7;3.2;6862199;499503.1;113077;0.0125452201010065;8.3
Indiana;2;2023;17.63;3.2;6862199;499503.1;113077;0.0125452201010065;8.3
Indiana;3;2023;18.36;3.2;6862199;499503.1;113077;0.0125452201010065;8.3
Indiana;4;2023;20.78;3.2;6862199;499503.1;113077;0.0125452201010065;8.3
Indiana;5;2023;21.9;3.2;6862199;499503.1;113077;0.0125452201010065;8.3
Indiana;6;2023;21.67;3.3;6862199;499503.1;113077;0.0125452201010065;8.3
Indiana;7;2023;21.05;3.4;6862199;499503.1;113077;0.0125452201010065;8.3
Indiana;8;2023;21.39;3.4;6862199;499503.1;113077;0.0125452201010065;8.3
Indiana;9;2023;23.19;3.5;6862199;499503.1;113077;0.0125452201010065;8.3
Indiana;10;2023;21.85;3.5;6862199;499503.1;113077;0.0125452201010065;8.3
Indiana;11;2023;23.19;3.5;6862199;499503.1;113077;0.0125452201010065;8.3
Indiana;12;2023;26.62;3.5;6862199;499503.1;113077;0.0125452201010065;8.3
Iowa;1;2021;23.84;4.2;3197944;223870.9;107493;0.0795287926567176;9.7
Iowa;2;2021;21.68;4.2;3197944;223870.9;107493;0.0795287926567176;9.7
Iowa;3;2021;19.67;4.3;3197944;223870.9;107493;0.0795287926567176;9.7
Iowa;4;2021;18.17;4.3;3197944;223870.9;107493;0.0795287926567176;9.7
Iowa;5;2021;19.79;4.3;3197944;223870.9;107493;0.0795287926567176;9.7
Iowa;6;2021;19.13;4.2;3197944;223870.9;107493;0.0795287926567176;9.7
Iowa;7;2021;18.66;4;3197944;223870.9;107493;0.0795287926567176;9.7
Iowa;8;2021;18.65;3.8;3197944;223870.9;107493;0.0795287926567176;9.7
Iowa;9;2021;21.19;3.6;3197944;223870.9;107493;0.0795287926567176;9.7
Iowa;10;2021;21.94;3.3;3197944;223870.9;107493;0.0795287926567176;9.7
Iowa;11;2021;19.63;3.1;3197944;223870.9;107493;0.0795287926567176;9.7
Iowa;12;2021;22.92;2.9;3197944;223870.9;107493;0.0795287926567176;9.7
Iowa;1;2022;19.55;2.7;3199693;242752.9;107725;0.00215828007405133;9.4
Iowa;2;2022;18.75;2.6;3199693;242752.9;107725;0.00215828007405133;9.4
Iowa;3;2022;22.07;2.5;3199693;242752.9;107725;0.00215828007405133;9.4
Iowa;4;2022;20.35;2.5;3199693;242752.9;107725;0.00215828007405133;9.4
Iowa;5;2022;24.91;2.6;3199693;242752.9;107725;0.00215828007405133;9.4
Iowa;6;2022;23.22;2.7;3199693;242752.9;107725;0.00215828007405133;9.4
Iowa;7;2022;24;2.8;3199693;242752.9;107725;0.00215828007405133;9.4
Iowa;8;2022;24.52;3;3199693;242752.9;107725;0.00215828007405133;9.4
Iowa;9;2022;24.89;3.1;3199693;242752.9;107725;0.00215828007405133;9.4
Iowa;10;2022;23.62;3.1;3199693;242752.9;107725;0.00215828007405133;9.4
Iowa;11;2022;26.01;3.1;3199693;242752.9;107725;0.00215828007405133;9.4
Iowa;12;2022;27.67;3;3199693;242752.9;107725;0.00215828007405133;9.4
Iowa;1;2023;29.48;2.9;3207004;254032;107977;0.00233928985843583;8
Iowa;2;2023;25.23;2.9;3207004;254032;107977;0.00233928985843583;8
Iowa;3;2023;27.94;2.8;3207004;254032;107977;0.00233928985843583;8
Iowa;4;2023;27.34;2.8;3207004;254032;107977;0.00233928985843583;8
Iowa;5;2023;29.87;2.8;3207004;254032;107977;0.00233928985843583;8
Iowa;6;2023;29.81;2.9;3207004;254032;107977;0.00233928985843583;8
Iowa;7;2023;30.24;3;3207004;254032;107977;0.00233928985843583;8
Iowa;8;2023;29.38;3.1;3207004;254032;107977;0.00233928985843583;8
Iowa;9;2023;29.48;3.1;3207004;254032;107977;0.00233928985843583;8
Iowa;10;2023;32.82;3.1;3207004;254032;107977;0.00233928985843583;8
Iowa;11;2023;31.99;3.1;3207004;254032;107977;0.00233928985843583;8
Iowa;12;2023;33.8;3;3207004;254032;107977;0.00233928985843583;8
Kansas;1;2021;27.72;4.3;2937946;191738.1;103915;0.0281284628779484;7.1
Kansas;2;2021;24.6;4;2937946;191738.1;103915;0.0281284628779484;7.1
Kansas;3;2021;24.22;3.7;2937946;191738.1;103915;0.0281284628779484;7.1
Kansas;4;2021;22.26;3.4;2937946;191738.1;103915;0.0281284628779484;7.1
Kansas;5;2021;29.43;3.4;2937946;191738.1;103915;0.0281284628779484;7.1
Kansas;6;2021;28.33;4;2937946;191738.1;103915;0.0281284628779484;7.1
Kansas;7;2021;25.85;4.1;2937946;191738.1;103915;0.0281284628779484;7.1
Kansas;8;2021;28.99;3.6;2937946;191738.1;103915;0.0281284628779484;7.1
Kansas;9;2021;28.58;2.8;2937946;191738.1;103915;0.0281284628779484;7.1
Kansas;10;2021;29.67;2.7;2937946;191738.1;103915;0.0281284628779484;7.1
Kansas;11;2021;31.2;2.1;2937946;191738.1;103915;0.0281284628779484;7.1
Kansas;12;2021;30.04;2;2937946;191738.1;103915;0.0281284628779484;7.1
Kansas;1;2022;21.83;2.7;2936716;212611.6;106734;0.0271279411057114;10.5
Kansas;2;2022;26.46;2.8;2936716;212611.6;106734;0.0271279411057114;10.5
Kansas;3;2022;28.74;2.7;2936716;212611.6;106734;0.0271279411057114;10.5
Kansas;4;2022;30.39;2.2;2936716;212611.6;106734;0.0271279411057114;10.5
Kansas;5;2022;28.9;2.4;2936716;212611.6;106734;0.0271279411057114;10.5
Kansas;6;2022;21.9;2.8;2936716;212611.6;106734;0.0271279411057114;10.5
Kansas;7;2022;30.35;3.2;2936716;212611.6;106734;0.0271279411057114;10.5
Kansas;8;2022;33.76;3.1;2936716;212611.6;106734;0.0271279411057114;10.5
Kansas;9;2022;30.16;2.4;2936716;212611.6;106734;0.0271279411057114;10.5
Kansas;10;2022;33.34;2.6;2936716;212611.6;106734;0.0271279411057114;10.5
Kansas;11;2022;32.18;2.3;2936716;212611.6;106734;0.0271279411057114;10.5
Kansas;12;2022;35.37;2.3;2936716;212611.6;106734;0.0271279411057114;10.5
Kansas;1;2023;34.29;2.9;2940546;228232.4;110538;0.0356400022485806;8.8
Kansas;2;2023;28.97;3.1;2940546;228232.4;110538;0.0356400022485806;8.8
Kansas;3;2023;34.82;2.9;2940546;228232.4;110538;0.0356400022485806;8.8
Kansas;4;2023;32.43;2.4;2940546;228232.4;110538;0.0356400022485806;8.8
Kansas;5;2023;34.54;2.6;2940546;228232.4;110538;0.0356400022485806;8.8
Kansas;6;2023;30.5;2.8;2940546;228232.4;110538;0.0356400022485806;8.8
Kansas;7;2023;35.87;3;2940546;228232.4;110538;0.0356400022485806;8.8
Kansas;8;2023;37.48;3;2940546;228232.4;110538;0.0356400022485806;8.8
Kansas;9;2023;35.05;2.5;2940546;228232.4;110538;0.0356400022485806;8.8
Kansas;10;2023;34.76;2.6;2940546;228232.4;110538;0.0356400022485806;8.8
Kansas;11;2023;37.68;2;2940546;228232.4;110538;0.0356400022485806;8.8
Kansas;12;2023;40.45;2;2940546;228232.4;110538;0.0356400022485806;8.8
Kentucky;1;2021;20.38;5.1;4507600;238428.9;105683;0.0440817616897679;16.2
Kentucky;2;2021;18.62;5.1;4507600;238428.9;105683;0.0440817616897679;16.2
Kentucky;3;2021;18.82;4.9;4507600;238428.9;105683;0.0440817616897679;16.2
Kentucky;4;2021;17.42;4.2;4507600;238428.9;105683;0.0440817616897679;16.2
Kentucky;5;2021;18.64;4.2;4507600;238428.9;105683;0.0440817616897679;16.2
Kentucky;6;2021;18.67;5.5;4507600;238428.9;105683;0.0440817616897679;16.2
Kentucky;7;2021;17.18;5;4507600;238428.9;105683;0.0440817616897679;16.2
Kentucky;8;2021;16.09;4.2;4507600;238428.9;105683;0.0440817616897679;16.2
Kentucky;9;2021;15.89;4.1;4507600;238428.9;105683;0.0440817616897679;16.2
Kentucky;10;2021;17.31;4;4507600;238428.9;105683;0.0440817616897679;16.2
Kentucky;11;2021;16.85;3.7;4507600;238428.9;105683;0.0440817616897679;16.2
Kentucky;12;2021;18.73;3.6;4507600;238428.9;105683;0.0440817616897679;16.2
Kentucky;1;2022;12.41;4.5;4511563;261540.7;107954;0.0214887919532943;17.1
Kentucky;2;2022;10.89;4.4;4511563;261540.7;107954;0.0214887919532943;17.1
Kentucky;3;2022;13.72;4.4;4511563;261540.7;107954;0.0214887919532943;17.1
Kentucky;4;2022;18.4;3.5;4511563;261540.7;107954;0.0214887919532943;17.1
Kentucky;5;2022;21.24;3.9;4511563;261540.7;107954;0.0214887919532943;17.1
Kentucky;6;2022;18.13;4.5;4511563;261540.7;107954;0.0214887919532943;17.1
Kentucky;7;2022;20.35;4.5;4511563;261540.7;107954;0.0214887919532943;17.1
Kentucky;8;2022;21.15;4;4511563;261540.7;107954;0.0214887919532943;17.1
Kentucky;9;2022;21.33;3.7;4511563;261540.7;107954;0.0214887919532943;17.1
Kentucky;10;2022;21.44;3.9;4511563;261540.7;107954;0.0214887919532943;17.1
Kentucky;11;2022;20.71;3.7;4511563;261540.7;107954;0.0214887919532943;17.1
Kentucky;12;2022;20.86;3.6;4511563;261540.7;107954;0.0214887919532943;17.1
Kentucky;1;2023;23.34;4.5;4526154;279707.5;110244;0.0212127387591011;13.6
Kentucky;2;2023;19.52;4.7;4526154;279707.5;110244;0.0212127387591011;13.6
Kentucky;3;2023;20.11;4.3;4526154;279707.5;110244;0.0212127387591011;13.6
Kentucky;4;2023;20.73;3.5;4526154;279707.5;110244;0.0212127387591011;13.6
Kentucky;5;2023;20.62;4.1;4526154;279707.5;110244;0.0212127387591011;13.6
Kentucky;6;2023;19.63;4.7;4526154;279707.5;110244;0.0212127387591011;13.6
Kentucky;7;2023;20.6;4.6;4526154;279707.5;110244;0.0212127387591011;13.6
Kentucky;8;2023;19.52;4.1;4526154;279707.5;110244;0.0212127387591011;13.6
Kentucky;9;2023;19.03;4;4526154;279707.5;110244;0.0212127387591011;13.6
Kentucky;10;2023;20.29;3.9;4526154;279707.5;110244;0.0212127387591011;13.6
Kentucky;11;2023;20.55;3.8;4526154;279707.5;110244;0.0212127387591011;13.6
Kentucky;12;2023;22.7;3.9;4526154;279707.5;110244;0.0212127387591011;13.6
Louisiana;1;2021;19.28;7;4627047;267263.6;99170;0.0388209167853851;18.4
Louisiana;2;2021;17.46;6.8;4627047;267263.6;99170;0.0388209167853851;18.4
Louisiana;3;2021;15.67;6.6;4627047;267263.6;99170;0.0388209167853851;18.4
Louisiana;4;2021;13.97;6.4;4627047;267263.6;99170;0.0388209167853851;18.4
Louisiana;5;2021;18.5;6.1;4627047;267263.6;99170;0.0388209167853851;18.4
Louisiana;6;2021;19.57;5.9;4627047;267263.6;99170;0.0388209167853851;18.4
Louisiana;7;2021;20.4;5.5;4627047;267263.6;99170;0.0388209167853851;18.4
Louisiana;8;2021;15.37;5.2;4627047;267263.6;99170;0.0388209167853851;18.4
Louisiana;9;2021;14.72;4.8;4627047;267263.6;99170;0.0388209167853851;18.4
Louisiana;10;2021;19.6;4.5;4627047;267263.6;99170;0.0388209167853851;18.4
Louisiana;11;2021;20.69;4.3;4627047;267263.6;99170;0.0388209167853851;18.4
Louisiana;12;2021;21.17;4.1;4627047;267263.6;99170;0.0388209167853851;18.4
Louisiana;1;2022;19.84;4;4588023;298424.5;98759;-0.00414439850761319;16.9
Louisiana;2;2022;20.5;3.8;4588023;298424.5;98759;-0.00414439850761319;16.9
Louisiana;3;2022;23.67;3.7;4588023;298424.5;98759;-0.00414439850761319;16.9
Louisiana;4;2022;24.95;3.6;4588023;298424.5;98759;-0.00414439850761319;16.9
Louisiana;5;2022;28.33;3.6;4588023;298424.5;98759;-0.00414439850761319;16.9
Louisiana;6;2022;26.14;3.5;4588023;298424.5;98759;-0.00414439850761319;16.9
Louisiana;7;2022;27.35;3.5;4588023;298424.5;98759;-0.00414439850761319;16.9
Louisiana;8;2022;28.12;3.5;4588023;298424.5;98759;-0.00414439850761319;16.9
Louisiana;9;2022;26.06;3.6;4588023;298424.5;98759;-0.00414439850761319;16.9
Louisiana;10;2022;27.11;3.6;4588023;298424.5;98759;-0.00414439850761319;16.9
Louisiana;11;2022;26.57;3.6;4588023;298424.5;98759;-0.00414439850761319;16.9
Louisiana;12;2022;29.27;3.6;4588023;298424.5;98759;-0.00414439850761319;16.9
Louisiana;1;2023;26.52;3.7;4573749;314988.6;103663;0.0496562338622303;21.5
Louisiana;2;2023;20.87;3.6;4573749;314988.6;103663;0.0496562338622303;21.5
Louisiana;3;2023;21.47;3.5;4573749;314988.6;103663;0.0496562338622303;21.5
Louisiana;4;2023;24.83;3.4;4573749;314988.6;103663;0.0496562338622303;21.5
Louisiana;5;2023;30.69;3.4;4573749;314988.6;103663;0.0496562338622303;21.5
Louisiana;6;2023;35.25;3.3;4573749;314988.6;103663;0.0496562338622303;21.5
Louisiana;7;2023;32.84;3.4;4573749;314988.6;103663;0.0496562338622303;21.5
Louisiana;8;2023;32.34;3.6;4573749;314988.6;103663;0.0496562338622303;21.5
Louisiana;9;2023;32.13;3.8;4573749;314988.6;103663;0.0496562338622303;21.5
Louisiana;10;2023;32.33;4;4573749;314988.6;103663;0.0496562338622303;21.5
Louisiana;11;2023;33.35;4;4573749;314988.6;103663;0.0496562338622303;21.5
Louisiana;12;2023;35;4;4573749;314988.6;103663;0.0496562338622303;21.5
Maine;1;2021;14.65;5.5;1378787;79193.9;112923;0.0553551401869159;9.1
Maine;2;2021;16.1;5.6;1378787;79193.9;112923;0.0553551401869159;9.1
Maine;3;2021;13.12;5.5;1378787;79193.9;112923;0.0553551401869159;9.1
Maine;4;2021;14.57;5.3;1378787;79193.9;112923;0.0553551401869159;9.1
Maine;5;2021;13.12;5;1378787;79193.9;112923;0.0553551401869159;9.1
Maine;6;2021;12.84;5.1;1378787;79193.9;112923;0.0553551401869159;9.1
Maine;7;2021;13.86;4.7;1378787;79193.9;112923;0.0553551401869159;9.1
Maine;8;2021;13.99;4.4;1378787;79193.9;112923;0.0553551401869159;9.1
Maine;9;2021;12.91;3.9;1378787;79193.9;112923;0.0553551401869159;9.1
Maine;10;2021;17.65;3.9;1378787;79193.9;112923;0.0553551401869159;9.1
Maine;11;2021;18.02;4;1378787;79193.9;112923;0.0553551401869159;9.1
Maine;12;2021;17.8;3.6;1378787;79193.9;112923;0.0553551401869159;9.1
Maine;1;2022;15.03;4.3;1389338;86493.3;115929;0.0266199091416275;9.6
Maine;2;2022;16.18;4;1389338;86493.3;115929;0.0266199091416275;9.6
Maine;3;2022;20.74;3.6;1389338;86493.3;115929;0.0266199091416275;9.6
Maine;4;2022;19.58;3;1389338;86493.3;115929;0.0266199091416275;9.6
Maine;5;2022;19;2.8;1389338;86493.3;115929;0.0266199091416275;9.6
Maine;6;2022;17.85;2.5;1389338;86493.3;115929;0.0266199091416275;9.6
Maine;7;2022;17.7;2.4;1389338;86493.3;115929;0.0266199091416275;9.6
Maine;8;2022;20.38;2.1;1389338;86493.3;115929;0.0266199091416275;9.6
Maine;9;2022;22.11;2.2;1389338;86493.3;115929;0.0266199091416275;9.6
Maine;10;2022;24.21;2.3;1389338;86493.3;115929;0.0266199091416275;9.6
Maine;11;2022;22.33;2.6;1389338;86493.3;115929;0.0266199091416275;9.6
Maine;12;2022;21.53;2.4;1389338;86493.3;115929;0.0266199091416275;9.6
Maine;1;2023;18.06;3;1395722;93270;119357;0.0295698229088494;7.4
Maine;2;2023;16.05;3.2;1395722;93270;119357;0.0295698229088494;7.4
Maine;3;2023;20.06;3;1395722;93270;119357;0.0295698229088494;7.4
Maine;4;2023;16.48;2.5;1395722;93270;119357;0.0295698229088494;7.4
Maine;5;2023;19.2;2.6;1395722;93270;119357;0.0295698229088494;7.4
Maine;6;2023;19.99;2.5;1395722;93270;119357;0.0295698229088494;7.4
Maine;7;2023;17.05;2.6;1395722;93270;119357;0.0295698229088494;7.4
Maine;8;2023;19.7;2.5;1395722;93270;119357;0.0295698229088494;7.4
Maine;9;2023;18.41;2.7;1395722;93270;119357;0.0295698229088494;7.4
Maine;10;2023;18.99;2.9;1395722;93270;119357;0.0295698229088494;7.4
Maine;11;2023;18.34;3.4;1395722;93270;119357;0.0295698229088494;7.4
Maine;12;2023;17.77;3.5;1395722;93270;119357;0.0295698229088494;7.4
Maryland;1;2021;18.52;6.3;6175045;447753.6;101811;0.0467382922942477;7.7
Maryland;2;2021;18.81;6.2;6175045;447753.6;101811;0.0467382922942477;7.7
Maryland;3;2021;18.87;6.1;6175045;447753.6;101811;0.0467382922942477;7.7
Maryland;4;2021;18.27;5.9;6175045;447753.6;101811;0.0467382922942477;7.7
Maryland;5;2021;20.24;5.7;6175045;447753.6;101811;0.0467382922942477;7.7
Maryland;6;2021;16.97;5.7;6175045;447753.6;101811;0.0467382922942477;7.7
Maryland;7;2021;19.62;5.3;6175045;447753.6;101811;0.0467382922942477;7.7
Maryland;8;2021;22.79;5.1;6175045;447753.6;101811;0.0467382922942477;7.7
Maryland;9;2021;22.15;4.6;6175045;447753.6;101811;0.0467382922942477;7.7
Maryland;10;2021;21.63;4.3;6175045;447753.6;101811;0.0467382922942477;7.7
Maryland;11;2021;24.2;3.9;6175045;447753.6;101811;0.0467382922942477;7.7
Maryland;12;2021;23.53;3.6;6175045;447753.6;101811;0.0467382922942477;7.7
Maryland;1;2022;24.11;3.5;6163981;484907.6;104176;0.0232293170679003;8.6
Maryland;2;2022;23.23;3.3;6163981;484907.6;104176;0.0232293170679003;8.6
Maryland;3;2022;25.05;3.1;6163981;484907.6;104176;0.0232293170679003;8.6
Maryland;4;2022;25.3;3;6163981;484907.6;104176;0.0232293170679003;8.6
Maryland;5;2022;27.56;3;6163981;484907.6;104176;0.0232293170679003;8.6
Maryland;6;2022;29.22;3;6163981;484907.6;104176;0.0232293170679003;8.6
Maryland;7;2022;27.66;3;6163981;484907.6;104176;0.0232293170679003;8.6
Maryland;8;2022;30.66;3;6163981;484907.6;104176;0.0232293170679003;8.6
Maryland;9;2022;32.43;2.9;6163981;484907.6;104176;0.0232293170679003;8.6
Maryland;10;2022;33.84;2.8;6163981;484907.6;104176;0.0232293170679003;8.6
Maryland;11;2022;31.55;2.7;6163981;484907.6;104176;0.0232293170679003;8.6
Maryland;12;2022;30.71;2.5;6163981;484907.6;104176;0.0232293170679003;8.6
Maryland;1;2023;30.4;2.4;6180253;515607.3;105792;0.0155122101059745;8.9
Maryland;2;2023;29.14;2.2;6180253;515607.3;105792;0.0155122101059745;8.9
Maryland;3;2023;32.3;2;6180253;515607.3;105792;0.0155122101059745;8.9
Maryland;4;2023;33.37;1.9;6180253;515607.3;105792;0.0155122101059745;8.9
Maryland;5;2023;36.58;1.9;6180253;515607.3;105792;0.0155122101059745;8.9
Maryland;6;2023;33.08;1.9;6180253;515607.3;105792;0.0155122101059745;8.9
Maryland;7;2023;31.54;1.9;6180253;515607.3;105792;0.0155122101059745;8.9
Maryland;8;2023;36.26;2.1;6180253;515607.3;105792;0.0155122101059745;8.9
Maryland;9;2023;33.42;2.2;6180253;515607.3;105792;0.0155122101059745;8.9
Maryland;10;2023;38.83;2.3;6180253;515607.3;105792;0.0155122101059745;8.9
Maryland;11;2023;35.16;2.2;6180253;515607.3;105792;0.0155122101059745;8.9
Maryland;12;2023;34.08;2.2;6180253;515607.3;105792;0.0155122101059745;8.9
Massachusetts;1;2021;11.94;6.9;6991951;649511.4;112409;0.0645799791646936;7.6
Massachusetts;2;2021;11.82;6.5;6991951;649511.4;112409;0.0645799791646936;7.6
Massachusetts;3;2021;12.27;6.2;6991951;649511.4;112409;0.0645799791646936;7.6
Massachusetts;4;2021;9.61;6.1;6991951;649511.4;112409;0.0645799791646936;7.6
Massachusetts;5;2021;11.85;5.7;6991951;649511.4;112409;0.0645799791646936;7.6
Massachusetts;6;2021;11.39;5.7;6991951;649511.4;112409;0.0645799791646936;7.6
Massachusetts;7;2021;12.47;5.3;6991951;649511.4;112409;0.0645799791646936;7.6
Massachusetts;8;2021;12.08;5.1;6991951;649511.4;112409;0.0645799791646936;7.6
Massachusetts;9;2021;13.53;4.7;6991951;649511.4;112409;0.0645799791646936;7.6
Massachusetts;10;2021;14.32;4.5;6991951;649511.4;112409;0.0645799791646936;7.6
Massachusetts;11;2021;14.31;4.2;6991951;649511.4;112409;0.0645799791646936;7.6
Massachusetts;12;2021;13.79;3.9;6991951;649511.4;112409;0.0645799791646936;7.6
Massachusetts;1;2022;12.81;3.9;6982740;695612.1;114699;0.0203720342677188;9.6
Massachusetts;2;2022;13.21;3.8;6982740;695612.1;114699;0.0203720342677188;9.6
Massachusetts;3;2022;15.05;3.6;6982740;695612.1;114699;0.0203720342677188;9.6
Massachusetts;4;2022;14.33;3.6;6982740;695612.1;114699;0.0203720342677188;9.6
Massachusetts;5;2022;13.24;3.7;6982740;695612.1;114699;0.0203720342677188;9.6
Massachusetts;6;2022;13;3.6;6982740;695612.1;114699;0.0203720342677188;9.6
Massachusetts;7;2022;14.54;3.6;6982740;695612.1;114699;0.0203720342677188;9.6
Massachusetts;8;2022;14.49;3.7;6982740;695612.1;114699;0.0203720342677188;9.6
Massachusetts;9;2022;12.82;3.6;6982740;695612.1;114699;0.0203720342677188;9.6
Massachusetts;10;2022;14.75;3.7;6982740;695612.1;114699;0.0203720342677188;9.6
Massachusetts;11;2022;14.94;3.6;6982740;695612.1;114699;0.0203720342677188;9.6
Massachusetts;12;2022;15.92;3.5;6982740;695612.1;114699;0.0203720342677188;9.6
Massachusetts;1;2023;16.53;3.5;7001399;736296.3;116105;0.0122581713877192;9.1
Massachusetts;2;2023;15.79;3.6;7001399;736296.3;116105;0.0122581713877192;9.1
Massachusetts;3;2023;16.83;3.5;7001399;736296.3;116105;0.0122581713877192;9.1
Massachusetts;4;2023;16.28;3.2;7001399;736296.3;116105;0.0122581713877192;9.1
Massachusetts;5;2023;16.44;3.3;7001399;736296.3;116105;0.0122581713877192;9.1
Massachusetts;6;2023;17.52;3.3;7001399;736296.3;116105;0.0122581713877192;9.1
Massachusetts;7;2023;19.28;3.2;7001399;736296.3;116105;0.0122581713877192;9.1
Massachusetts;8;2023;18.85;3.3;7001399;736296.3;116105;0.0122581713877192;9.1
Massachusetts;9;2023;17.25;3.3;7001399;736296.3;116105;0.0122581713877192;9.1
Massachusetts;10;2023;17.88;3.4;7001399;736296.3;116105;0.0122581713877192;9.1
Massachusetts;11;2023;18.91;3.3;7001399;736296.3;116105;0.0122581713877192;9.1
Massachusetts;12;2023;19.62;3.2;7001399;736296.3;116105;0.0122581713877192;9.1
Michigan;1;2021;21.53;6.5;10038117;575116.4;105005;0.0567604287223872;11.7
Michigan;2;2021;16.63;6.3;10038117;575116.4;105005;0.0567604287223872;11.7
Michigan;3;2021;16.25;6.2;10038117;575116.4;105005;0.0567604287223872;11.7
Michigan;4;2021;14.3;6.2;10038117;575116.4;105005;0.0567604287223872;11.7
Michigan;5;2021;15.66;6.2;10038117;575116.4;105005;0.0567604287223872;11.7
Michigan;6;2021;15.43;6.2;10038117;575116.4;105005;0.0567604287223872;11.7
Michigan;7;2021;16.61;6;10038117;575116.4;105005;0.0567604287223872;11.7
Michigan;8;2021;17.1;5.8;10038117;575116.4;105005;0.0567604287223872;11.7
Michigan;9;2021;17.83;5.4;10038117;575116.4;105005;0.0567604287223872;11.7
Michigan;10;2021;18.64;5.1;10038117;575116.4;105005;0.0567604287223872;11.7
Michigan;11;2021;18.17;4.8;10038117;575116.4;105005;0.0567604287223872;11.7
Michigan;12;2021;19.94;4.5;10038117;575116.4;105005;0.0567604287223872;11.7
Michigan;1;2022;19.15;4.4;10033281;627009.1;107646;0.0251511832769868;12.1
Michigan;2;2022;17.83;4.3;10033281;627009.1;107646;0.0251511832769868;12.1
Michigan;3;2022;20.64;4.2;10033281;627009.1;107646;0.0251511832769868;12.1
Michigan;4;2022;20.13;4.1;10033281;627009.1;107646;0.0251511832769868;12.1
Michigan;5;2022;20.21;4;10033281;627009.1;107646;0.0251511832769868;12.1
Michigan;6;2022;21.96;4;10033281;627009.1;107646;0.0251511832769868;12.1
Michigan;7;2022;22.77;4;10033281;627009.1;107646;0.0251511832769868;12.1
Michigan;8;2022;21.65;4;10033281;627009.1;107646;0.0251511832769868;12.1
Michigan;9;2022;20.55;4.1;10033281;627009.1;107646;0.0251511832769868;12.1
Michigan;10;2022;21.61;4.2;10033281;627009.1;107646;0.0251511832769868;12.1
Michigan;11;2022;21.68;4.2;10033281;627009.1;107646;0.0251511832769868;12.1
Michigan;12;2022;23.34;4.1;10033281;627009.1;107646;0.0251511832769868;12.1
Michigan;1;2023;23.54;4;10037261;673818.1;109732;0.0193783326830537;12.1
Michigan;2;2023;20.6;3.8;10037261;673818.1;109732;0.0193783326830537;12.1
Michigan;3;2023;22;3.7;10037261;673818.1;109732;0.0193783326830537;12.1
Michigan;4;2023;22.73;3.6;10037261;673818.1;109732;0.0193783326830537;12.1
Michigan;5;2023;25.07;3.6;10037261;673818.1;109732;0.0193783326830537;12.1
Michigan;6;2023;25.43;3.7;10037261;673818.1;109732;0.0193783326830537;12.1
Michigan;7;2023;25.87;3.8;10037261;673818.1;109732;0.0193783326830537;12.1
Michigan;8;2023;27.39;4;10037261;673818.1;109732;0.0193783326830537;12.1
Michigan;9;2023;24.87;4.1;10037261;673818.1;109732;0.0193783326830537;12.1
Michigan;10;2023;27.73;4.2;10037261;673818.1;109732;0.0193783326830537;12.1
Michigan;11;2023;26.96;4.1;10037261;673818.1;109732;0.0193783326830537;12.1
Michigan;12;2023;28.88;4.1;10037261;673818.1;109732;0.0193783326830537;12.1
Minnesota;1;2021;30.6;4.4;5717968;416538.7;106547;0.0572656187981265;6.9
Minnesota;2;2021;26.24;4.2;5717968;416538.7;106547;0.0572656187981265;6.9
Minnesota;3;2021;26.36;4.1;5717968;416538.7;106547;0.0572656187981265;6.9
Minnesota;4;2021;23.81;4;5717968;416538.7;106547;0.0572656187981265;6.9
Minnesota;5;2021;25.54;3.9;5717968;416538.7;106547;0.0572656187981265;6.9
Minnesota;6;2021;25.58;3.8;5717968;416538.7;106547;0.0572656187981265;6.9
Minnesota;7;2021;24.29;3.7;5717968;416538.7;106547;0.0572656187981265;6.9
Minnesota;8;2021;24.62;3.6;5717968;416538.7;106547;0.0572656187981265;6.9
Minnesota;9;2021;26.02;3.4;5717968;416538.7;106547;0.0572656187981265;6.9
Minnesota;10;2021;28.41;3.3;5717968;416538.7;106547;0.0572656187981265;6.9
Minnesota;11;2021;27.47;3.1;5717968;416538.7;106547;0.0572656187981265;6.9
Minnesota;12;2021;27.66;2.9;5717968;416538.7;106547;0.0572656187981265;6.9
Minnesota;1;2022;27.66;2.7;5714300;454992.8;108459;0.0179451321951815;7.6
Minnesota;2;2022;26.7;2.5;5714300;454992.8;108459;0.0179451321951815;7.6
Minnesota;3;2022;30.35;2.4;5714300;454992.8;108459;0.0179451321951815;7.6
Minnesota;4;2022;30.14;2.3;5714300;454992.8;108459;0.0179451321951815;7.6
Minnesota;5;2022;31.4;2.3;5714300;454992.8;108459;0.0179451321951815;7.6
Minnesota;6;2022;29.21;2.3;5714300;454992.8;108459;0.0179451321951815;7.6
Minnesota;7;2022;28.26;2.4;5714300;454992.8;108459;0.0179451321951815;7.6
Minnesota;8;2022;29.86;2.5;5714300;454992.8;108459;0.0179451321951815;7.6
Minnesota;9;2022;28.25;2.7;5714300;454992.8;108459;0.0179451321951815;7.6
Minnesota;10;2022;29.69;2.7;5714300;454992.8;108459;0.0179451321951815;7.6
Minnesota;11;2022;28.81;2.8;5714300;454992.8;108459;0.0179451321951815;7.6
Minnesota;12;2022;29.4;2.8;5714300;454992.8;108459;0.0179451321951815;7.6
Minnesota;1;2023;29.99;2.8;5737915;483162.1;110201;0.0160613688121779;7.2
Minnesota;2;2023;26.38;2.8;5737915;483162.1;110201;0.0160613688121779;7.2
Minnesota;3;2023;29.27;2.8;5737915;483162.1;110201;0.0160613688121779;7.2
Minnesota;4;2023;30.37;2.8;5737915;483162.1;110201;0.0160613688121779;7.2
Minnesota;5;2023;33.98;2.9;5737915;483162.1;110201;0.0160613688121779;7.2
Minnesota;6;2023;32.98;2.9;5737915;483162.1;110201;0.0160613688121779;7.2
Minnesota;7;2023;33.33;3;5737915;483162.1;110201;0.0160613688121779;7.2
Minnesota;8;2023;34.37;2.9;5737915;483162.1;110201;0.0160613688121779;7.2
Minnesota;9;2023;31.56;2.8;5737915;483162.1;110201;0.0160613688121779;7.2
Minnesota;10;2023;33.3;2.8;5737915;483162.1;110201;0.0160613688121779;7.2
Minnesota;11;2023;33.5;2.7;5737915;483162.1;110201;0.0160613688121779;7.2
Minnesota;12;2023;35.39;2.7;5737915;483162.1;110201;0.0160613688121779;7.2
Mississippi;1;2021;28.2;6.5;2949582;129944.7;104891;0.0485115656050701;17.4
Mississippi;2;2021;21.19;6.3;2949582;129944.7;104891;0.0485115656050701;17.4
Mississippi;3;2021;24.2;6.2;2949582;129944.7;104891;0.0485115656050701;17.4
Mississippi;4;2021;27.05;6.1;2949582;129944.7;104891;0.0485115656050701;17.4
Mississippi;5;2021;20.57;5.9;2949582;129944.7;104891;0.0485115656050701;17.4
Mississippi;6;2021;22.28;5.7;2949582;129944.7;104891;0.0485115656050701;17.4
Mississippi;7;2021;22.22;5.5;2949582;129944.7;104891;0.0485115656050701;17.4
Mississippi;8;2021;25.92;5.2;2949582;129944.7;104891;0.0485115656050701;17.4
Mississippi;9;2021;26.74;4.9;2949582;129944.7;104891;0.0485115656050701;17.4
Mississippi;10;2021;31.57;4.6;2949582;129944.7;104891;0.0485115656050701;17.4
Mississippi;11;2021;28.22;4.4;2949582;129944.7;104891;0.0485115656050701;17.4
Mississippi;12;2021;31.45;4.2;2949582;129944.7;104891;0.0485115656050701;17.4
Mississippi;1;2022;27.1;4.1;2938928;142762.3;105691;0.00762696513523563;18.4
Mississippi;2;2022;27.72;3.9;2938928;142762.3;105691;0.00762696513523563;18.4
Mississippi;3;2022;28.88;3.8;2938928;142762.3;105691;0.00762696513523563;18.4
Mississippi;4;2022;28.27;3.7;2938928;142762.3;105691;0.00762696513523563;18.4
Mississippi;5;2022;28.33;3.7;2938928;142762.3;105691;0.00762696513523563;18.4
Mississippi;6;2022;27.35;3.7;2938928;142762.3;105691;0.00762696513523563;18.4
Mississippi;7;2022;28.07;3.7;2938928;142762.3;105691;0.00762696513523563;18.4
Mississippi;8;2022;28.02;3.8;2938928;142762.3;105691;0.00762696513523563;18.4
Mississippi;9;2022;25.51;3.8;2938928;142762.3;105691;0.00762696513523563;18.4
Mississippi;10;2022;29.65;3.8;2938928;142762.3;105691;0.00762696513523563;18.4
Mississippi;11;2022;28.38;3.8;2938928;142762.3;105691;0.00762696513523563;18.4
Mississippi;12;2022;32.09;3.6;2938928;142762.3;105691;0.00762696513523563;18.4
Mississippi;1;2023;30.47;3.5;2939690;151146.7;108403;0.0256597061244571;16
Mississippi;2;2023;25.55;3.3;2939690;151146.7;108403;0.0256597061244571;16
Mississippi;3;2023;23.48;3.2;2939690;151146.7;108403;0.0256597061244571;16
Mississippi;4;2023;26.04;3.1;2939690;151146.7;108403;0.0256597061244571;16
Mississippi;5;2023;24.78;3.1;2939690;151146.7;108403;0.0256597061244571;16
Mississippi;6;2023;25.6;3.1;2939690;151146.7;108403;0.0256597061244571;16
Mississippi;7;2023;28.95;3.1;2939690;151146.7;108403;0.0256597061244571;16
Mississippi;8;2023;27.72;3.2;2939690;151146.7;108403;0.0256597061244571;16
Mississippi;9;2023;26.61;3.2;2939690;151146.7;108403;0.0256597061244571;16
Mississippi;10;2023;29.27;3.2;2939690;151146.7;108403;0.0256597061244571;16
Mississippi;11;2023;32.31;3.2;2939690;151146.7;108403;0.0256597061244571;16
Mississippi;12;2023;31.68;3.2;2939690;151146.7;108403;0.0256597061244571;16
Missouri;1;2021;28.04;4.9;6170393;366441.5;106524;0.0515280739161336;12.3
Missouri;2;2021;23.45;4.8;6170393;366441.5;106524;0.0515280739161336;12.3
Missouri;3;2021;23.96;4.8;6170393;366441.5;106524;0.0515280739161336;12.3
Missouri;4;2021;21.99;4.7;6170393;366441.5;106524;0.0515280739161336;12.3
Missouri;5;2021;24.44;4.5;6170393;366441.5;106524;0.0515280739161336;12.3
Missouri;6;2021;22.12;4.3;6170393;366441.5;106524;0.0515280739161336;12.3
Missouri;7;2021;25.09;4.1;6170393;366441.5;106524;0.0515280739161336;12.3
Missouri;8;2021;22.75;3.9;6170393;366441.5;106524;0.0515280739161336;12.3
Missouri;9;2021;24.9;3.7;6170393;366441.5;106524;0.0515280739161336;12.3
Missouri;10;2021;23.83;3.5;6170393;366441.5;106524;0.0515280739161336;12.3
Missouri;11;2021;24.86;3.3;6170393;366441.5;106524;0.0515280739161336;12.3
Missouri;12;2021;26.52;3.2;6170393;366441.5;106524;0.0515280739161336;12.3
Missouri;1;2022;23.7;3;6177168;400265.1;109117;0.0243419323344974;11.4
Missouri;2;2022;21.31;2.7;6177168;400265.1;109117;0.0243419323344974;11.4
Missouri;3;2022;25.66;2.5;6177168;400265.1;109117;0.0243419323344974;11.4
Missouri;4;2022;21.72;2.4;6177168;400265.1;109117;0.0243419323344974;11.4
Missouri;5;2022;23.68;2.3;6177168;400265.1;109117;0.0243419323344974;11.4
Missouri;6;2022;23.05;2.3;6177168;400265.1;109117;0.0243419323344974;11.4
Missouri;7;2022;25.65;2.4;6177168;400265.1;109117;0.0243419323344974;11.4
Missouri;8;2022;25.45;2.5;6177168;400265.1;109117;0.0243419323344974;11.4
Missouri;9;2022;23.27;2.7;6177168;400265.1;109117;0.0243419323344974;11.4
Missouri;10;2022;23.97;2.8;6177168;400265.1;109117;0.0243419323344974;11.4
Missouri;11;2022;24.56;2.8;6177168;400265.1;109117;0.0243419323344974;11.4
Missouri;12;2022;27.1;2.8;6177168;400265.1;109117;0.0243419323344974;11.4
Missouri;1;2023;27.16;2.8;6196156;430114.4;111955;0.0260087795668869;9.7
Missouri;2;2023;24.59;2.8;6196156;430114.4;111955;0.0260087795668869;9.7
Missouri;3;2023;24.81;2.8;6196156;430114.4;111955;0.0260087795668869;9.7
Missouri;4;2023;24.87;2.9;6196156;430114.4;111955;0.0260087795668869;9.7
Missouri;5;2023;26.7;2.9;6196156;430114.4;111955;0.0260087795668869;9.7
Missouri;6;2023;28.17;3;6196156;430114.4;111955;0.0260087795668869;9.7
Missouri;7;2023;27.11;3.1;6196156;430114.4;111955;0.0260087795668869;9.7
Missouri;8;2023;29.84;3.2;6196156;430114.4;111955;0.0260087795668869;9.7
Missouri;9;2023;25.51;3.3;6196156;430114.4;111955;0.0260087795668869;9.7
Missouri;10;2023;27.47;3.3;6196156;430114.4;111955;0.0260087795668869;9.7
Missouri;11;2023;28.24;3.3;6196156;430114.4;111955;0.0260087795668869;9.7
Missouri;12;2023;31.86;3.3;6196156;430114.4;111955;0.0260087795668869;9.7
Montana;1;2021;32.38;4;1106366;60399.7;109971;0.0664681866229623;10.7
Montana;2;2021;31.08;3.9;1106366;60399.7;109971;0.0664681866229623;10.7
Montana;3;2021;30.37;3.8;1106366;60399.7;109971;0.0664681866229623;10.7
Montana;4;2021;28.5;3.7;1106366;60399.7;109971;0.0664681866229623;10.7
Montana;5;2021;29.07;3.6;1106366;60399.7;109971;0.0664681866229623;10.7
Montana;6;2021;28.41;3.5;1106366;60399.7;109971;0.0664681866229623;10.7
Montana;7;2021;26.83;3.4;1106366;60399.7;109971;0.0664681866229623;10.7
Montana;8;2021;23.24;3.3;1106366;60399.7;109971;0.0664681866229623;10.7
Montana;9;2021;25.29;3.1;1106366;60399.7;109971;0.0664681866229623;10.7
Montana;10;2021;32.05;3;1106366;60399.7;109971;0.0664681866229623;10.7
Montana;11;2021;25.47;2.8;1106366;60399.7;109971;0.0664681866229623;10.7
Montana;12;2021;27.68;2.7;1106366;60399.7;109971;0.0664681866229623;10.7
Montana;1;2022;31;2.7;1122878;68702;113871;0.0354638950268707;10.4
Montana;2;2022;29.34;2.6;1122878;68702;113871;0.0354638950268707;10.4
Montana;3;2022;32.06;2.6;1122878;68702;113871;0.0354638950268707;10.4
Montana;4;2022;28.67;2.7;1122878;68702;113871;0.0354638950268707;10.4
Montana;5;2022;30.17;2.7;1122878;68702;113871;0.0354638950268707;10.4
Montana;6;2022;32.96;2.7;1122878;68702;113871;0.0354638950268707;10.4
Montana;7;2022;34.13;2.8;1122878;68702;113871;0.0354638950268707;10.4
Montana;8;2022;32.53;2.8;1122878;68702;113871;0.0354638950268707;10.4
Montana;9;2022;28.39;2.7;1122878;68702;113871;0.0354638950268707;10.4
Montana;10;2022;33.15;2.7;1122878;68702;113871;0.0354638950268707;10.4
Montana;11;2022;31.05;2.6;1122878;68702;113871;0.0354638950268707;10.4
Montana;12;2022;29.27;2.6;1122878;68702;113871;0.0354638950268707;10.4
Montana;1;2023;30.11;2.5;1132812;73254.5;118367;0.0394832749339164;8.1
Montana;2;2023;24.18;2.5;1132812;73254.5;118367;0.0394832749339164;8.1
Montana;3;2023;30.91;2.5;1132812;73254.5;118367;0.0394832749339164;8.1
Montana;4;2023;33.87;2.6;1132812;73254.5;118367;0.0394832749339164;8.1
Montana;5;2023;33.08;2.6;1132812;73254.5;118367;0.0394832749339164;8.1
Montana;6;2023;34.06;2.7;1132812;73254.5;118367;0.0394832749339164;8.1
Montana;7;2023;36.39;2.8;1132812;73254.5;118367;0.0394832749339164;8.1
Montana;8;2023;35.4;3;1132812;73254.5;118367;0.0394832749339164;8.1
Montana;9;2023;33.35;3.2;1132812;73254.5;118367;0.0394832749339164;8.1
Montana;10;2023;29.9;3.3;1132812;73254.5;118367;0.0394832749339164;8.1
Montana;11;2023;32.69;3.3;1132812;73254.5;118367;0.0394832749339164;8.1
Montana;12;2023;32.96;3.3;1132812;73254.5;118367;0.0394832749339164;8.1
Nebraska;1;2021;17.54;3.4;1964253;150836.1;109511;0.0647331628635042;8.1
Nebraska;2;2021;14.85;3.4;1964253;150836.1;109511;0.0647331628635042;8.1
Nebraska;3;2021;15.59;3.1;1964253;150836.1;109511;0.0647331628635042;8.1
Nebraska;4;2021;17.37;2.7;1964253;150836.1;109511;0.0647331628635042;8.1
Nebraska;5;2021;19.08;2.6;1964253;150836.1;109511;0.0647331628635042;8.1
Nebraska;6;2021;19.19;3.1;1964253;150836.1;109511;0.0647331628635042;8.1
Nebraska;7;2021;17.92;2.8;1964253;150836.1;109511;0.0647331628635042;8.1
Nebraska;8;2021;16.75;2.5;1964253;150836.1;109511;0.0647331628635042;8.1
Nebraska;9;2021;16.9;2.1;1964253;150836.1;109511;0.0647331628635042;8.1
Nebraska;10;2021;16.85;2.1;1964253;150836.1;109511;0.0647331628635042;8.1
Nebraska;11;2021;18.56;1.8;1964253;150836.1;109511;0.0647331628635042;8.1
Nebraska;12;2021;18.42;1.8;1964253;150836.1;109511;0.0647331628635042;8.1
Nebraska;1;2022;15.63;2.4;1968060;167480.2;113164;0.0333573796239647;7.9
Nebraska;2;2022;17.98;2.3;1968060;167480.2;113164;0.0333573796239647;7.9
Nebraska;3;2022;20.3;2.2;1968060;167480.2;113164;0.0333573796239647;7.9
Nebraska;4;2022;21.81;1.9;1968060;167480.2;113164;0.0333573796239647;7.9
Nebraska;5;2022;22.36;1.9;1968060;167480.2;113164;0.0333573796239647;7.9
Nebraska;6;2022;23.65;2.5;1968060;167480.2;113164;0.0333573796239647;7.9
Nebraska;7;2022;24.13;2.4;1968060;167480.2;113164;0.0333573796239647;7.9
Nebraska;8;2022;21.46;2.2;1968060;167480.2;113164;0.0333573796239647;7.9
Nebraska;9;2022;22.8;2;1968060;167480.2;113164;0.0333573796239647;7.9
Nebraska;10;2022;24.25;2.1;1968060;167480.2;113164;0.0333573796239647;7.9
Nebraska;11;2022;22.03;2;1968060;167480.2;113164;0.0333573796239647;7.9
Nebraska;12;2022;21.36;2;1968060;167480.2;113164;0.0333573796239647;7.9
Nebraska;1;2023;24.37;2.3;1978379;181285;117692;0.0400127248948429;9.2
Nebraska;2;2023;20.51;2.3;1978379;181285;117692;0.0400127248948429;9.2
Nebraska;3;2023;22.97;2.2;1978379;181285;117692;0.0400127248948429;9.2
Nebraska;4;2023;19.7;2;1978379;181285;117692;0.0400127248948429;9.2
Nebraska;5;2023;30.04;2.2;1978379;181285;117692;0.0400127248948429;9.2
Nebraska;6;2023;31.11;2.5;1978379;181285;117692;0.0400127248948429;9.2
Nebraska;7;2023;35.79;2.4;1978379;181285;117692;0.0400127248948429;9.2
Nebraska;8;2023;42.79;2.2;1978379;181285;117692;0.0400127248948429;9.2
Nebraska;9;2023;38.68;2.2;1978379;181285;117692;0.0400127248948429;9.2
Nebraska;10;2023;42.96;2.5;1978379;181285;117692;0.0400127248948429;9.2
Nebraska;11;2023;42.31;2.1;1978379;181285;117692;0.0400127248948429;9.2
Nebraska;12;2023;42.45;2.2;1978379;181285;117692;0.0400127248948429;9.2
Nevada;1;2021;16.55;8.9;3146632;201705.7;111811;0.0987392274205753;12.8
Nevada;2;2021;18.19;8.5;3146632;201705.7;111811;0.0987392274205753;12.8
Nevada;3;2021;20.22;8;3146632;201705.7;111811;0.0987392274205753;12.8
Nevada;4;2021;16.17;7.6;3146632;201705.7;111811;0.0987392274205753;12.8
Nevada;5;2021;15.25;7.2;3146632;201705.7;111811;0.0987392274205753;12.8
Nevada;6;2021;15.92;6.9;3146632;201705.7;111811;0.0987392274205753;12.8
Nevada;7;2021;12.79;6.5;3146632;201705.7;111811;0.0987392274205753;12.8
Nevada;8;2021;15.37;6.2;3146632;201705.7;111811;0.0987392274205753;12.8
Nevada;9;2021;15.94;5.9;3146632;201705.7;111811;0.0987392274205753;12.8
Nevada;10;2021;18.06;5.6;3146632;201705.7;111811;0.0987392274205753;12.8
Nevada;11;2021;17.97;5.4;3146632;201705.7;111811;0.0987392274205753;12.8
Nevada;12;2021;19.44;5.3;3146632;201705.7;111811;0.0987392274205753;12.8
Nevada;1;2022;20.76;5.2;3177421;227320.6;116706;0.0437792346012467;12
Nevada;2;2022;18.65;5.2;3177421;227320.6;116706;0.0437792346012467;12
Nevada;3;2022;21.81;5.1;3177421;227320.6;116706;0.0437792346012467;12
Nevada;4;2022;19.85;5.1;3177421;227320.6;116706;0.0437792346012467;12
Nevada;5;2022;21;5.1;3177421;227320.6;116706;0.0437792346012467;12
Nevada;6;2022;18.58;5.1;3177421;227320.6;116706;0.0437792346012467;12
Nevada;7;2022;22.31;5.2;3177421;227320.6;116706;0.0437792346012467;12
Nevada;8;2022;18.36;5.2;3177421;227320.6;116706;0.0437792346012467;12
Nevada;9;2022;18.14;5.3;3177421;227320.6;116706;0.0437792346012467;12
Nevada;10;2022;17.44;5.3;3177421;227320.6;116706;0.0437792346012467;12
Nevada;11;2022;19.09;5.3;3177421;227320.6;116706;0.0437792346012467;12
Nevada;12;2022;22.25;5.3;3177421;227320.6;116706;0.0437792346012467;12
Nevada;1;2023;21.44;5.2;3194176;245978.8;119735;0.0259541069011019;13.9
Nevada;2;2023;18.86;5.2;3194176;245978.8;119735;0.0259541069011019;13.9
Nevada;3;2023;18.17;5.1;3194176;245978.8;119735;0.0259541069011019;13.9
Nevada;4;2023;20.27;5;3194176;245978.8;119735;0.0259541069011019;13.9
Nevada;5;2023;22.63;5;3194176;245978.8;119735;0.0259541069011019;13.9
Nevada;6;2023;22.66;5;3194176;245978.8;119735;0.0259541069011019;13.9
Nevada;7;2023;22.7;5;3194176;245978.8;119735;0.0259541069011019;13.9
Nevada;8;2023;23.64;5.1;3194176;245978.8;119735;0.0259541069011019;13.9
Nevada;9;2023;21.06;5.2;3194176;245978.8;119735;0.0259541069011019;13.9
Nevada;10;2023;24.68;5.3;3194176;245978.8;119735;0.0259541069011019;13.9
Nevada;11;2023;25.49;5.3;3194176;245978.8;119735;0.0259541069011019;13.9
Nevada;12;2023;25.24;5.3;3194176;245978.8;119735;0.0259541069011019;13.9
New Hampshire;1;2021;18.77;4.7;1387494;99092.6;110803;0.0817436297959582;6.9
New Hampshire;2;2021;18.2;4.5;1387494;99092.6;110803;0.0817436297959582;6.9
New Hampshire;3;2021;17.24;4.3;1387494;99092.6;110803;0.0817436297959582;6.9
New Hampshire;4;2021;16.02;3.8;1387494;99092.6;110803;0.0817436297959582;6.9
New Hampshire;5;2021;17.53;3.5;1387494;99092.6;110803;0.0817436297959582;6.9
New Hampshire;6;2021;20.28;3.7;1387494;99092.6;110803;0.0817436297959582;6.9
New Hampshire;7;2021;21;3.5;1387494;99092.6;110803;0.0817436297959582;6.9
New Hampshire;8;2021;18.13;3.2;1387494;99092.6;110803;0.0817436297959582;6.9
New Hampshire;9;2021;19.25;2.8;1387494;99092.6;110803;0.0817436297959582;6.9
New Hampshire;10;2021;16.5;2.4;1387494;99092.6;110803;0.0817436297959582;6.9
New Hampshire;11;2021;18.69;2.3;1387494;99092.6;110803;0.0817436297959582;6.9
New Hampshire;12;2021;18.05;2.1;1387494;99092.6;110803;0.0817436297959582;6.9
New Hampshire;1;2022;17.48;2.9;1399003;106488;112610;0.0163082227015514;8.3
New Hampshire;2;2022;20.27;2.6;1399003;106488;112610;0.0163082227015514;8.3
New Hampshire;3;2022;19.81;2.5;1399003;106488;112610;0.0163082227015514;8.3
New Hampshire;4;2022;19.07;2.1;1399003;106488;112610;0.0163082227015514;8.3
New Hampshire;5;2022;17.63;2;1399003;106488;112610;0.0163082227015514;8.3
New Hampshire;6;2022;17.71;2.2;1399003;106488;112610;0.0163082227015514;8.3
New Hampshire;7;2022;17.27;2.3;1399003;106488;112610;0.0163082227015514;8.3
New Hampshire;8;2022;18.85;2.5;1399003;106488;112610;0.0163082227015514;8.3
New Hampshire;9;2022;19.09;2.3;1399003;106488;112610;0.0163082227015514;8.3
New Hampshire;10;2022;20.17;2.1;1399003;106488;112610;0.0163082227015514;8.3
New Hampshire;11;2022;20.13;2.1;1399003;106488;112610;0.0163082227015514;8.3
New Hampshire;12;2022;17.69;1.9;1399003;106488;112610;0.0163082227015514;8.3
New Hampshire;1;2023;16.44;2.5;1402054;114100.8;115136;0.0224314004084895;6.1
New Hampshire;2;2023;17.86;2.3;1402054;114100.8;115136;0.0224314004084895;6.1
New Hampshire;3;2023;19.13;2.1;1402054;114100.8;115136;0.0224314004084895;6.1
New Hampshire;4;2023;20.69;1.4;1402054;114100.8;115136;0.0224314004084895;6.1
New Hampshire;5;2023;18.08;1.7;1402054;114100.8;115136;0.0224314004084895;6.1
New Hampshire;6;2023;20.9;2;1402054;114100.8;115136;0.0224314004084895;6.1
New Hampshire;7;2023;18.96;2.1;1402054;114100.8;115136;0.0224314004084895;6.1
New Hampshire;8;2023;19.05;2.4;1402054;114100.8;115136;0.0224314004084895;6.1
New Hampshire;9;2023;21.08;2.4;1402054;114100.8;115136;0.0224314004084895;6.1
New Hampshire;10;2023;23.31;2.3;1402054;114100.8;115136;0.0224314004084895;6.1
New Hampshire;11;2023;20.57;2.6;1402054;114100.8;115136;0.0224314004084895;6.1
New Hampshire;12;2023;20.73;2.6;1402054;114100.8;115136;0.0224314004084895;6.1
New Jersey;1;2021;11.53;7.3;9269175;695443.2;107181;0.0590066100840834;7.6
New Jersey;2;2021;10.61;7.3;9269175;695443.2;107181;0.0590066100840834;7.6
New Jersey;3;2021;10.01;7.2;9269175;695443.2;107181;0.0590066100840834;7.6
New Jersey;4;2021;9.89;7.2;9269175;695443.2;107181;0.0590066100840834;7.6
New Jersey;5;2021;11.14;7;9269175;695443.2;107181;0.0590066100840834;7.6
New Jersey;6;2021;11.22;7.2;9269175;695443.2;107181;0.0590066100840834;7.6
New Jersey;7;2021;13.49;6.9;9269175;695443.2;107181;0.0590066100840834;7.6
New Jersey;8;2021;13.25;6.8;9269175;695443.2;107181;0.0590066100840834;7.6
New Jersey;9;2021;14.74;6.3;9269175;695443.2;107181;0.0590066100840834;7.6
New Jersey;10;2021;16.33;6;9269175;695443.2;107181;0.0590066100840834;7.6
New Jersey;11;2021;14.92;5.7;9269175;695443.2;107181;0.0590066100840834;7.6
New Jersey;12;2021;14.35;5.6;9269175;695443.2;107181;0.0590066100840834;7.6
New Jersey;1;2022;16.34;5.2;9260817;758288.7;110193;0.0281019956895345;8.7
New Jersey;2;2022;18.46;4.7;9260817;758288.7;110193;0.0281019956895345;8.7
New Jersey;3;2022;21.58;4.3;9260817;758288.7;110193;0.0281019956895345;8.7
New Jersey;4;2022;22.12;4.1;9260817;758288.7;110193;0.0281019956895345;8.7
New Jersey;5;2022;21.59;3.8;9260817;758288.7;110193;0.0281019956895345;8.7
New Jersey;6;2022;23.4;3.6;9260817;758288.7;110193;0.0281019956895345;8.7
New Jersey;7;2022;25.26;3.3;9260817;758288.7;110193;0.0281019956895345;8.7
New Jersey;8;2022;25.34;3.1;9260817;758288.7;110193;0.0281019956895345;8.7
New Jersey;9;2022;26.09;3.3;9260817;758288.7;110193;0.0281019956895345;8.7
New Jersey;10;2022;23.77;3.5;9260817;758288.7;110193;0.0281019956895345;8.7
New Jersey;11;2022;22.14;3.7;9260817;758288.7;110193;0.0281019956895345;8.7
New Jersey;12;2022;25.42;3.8;9260817;758288.7;110193;0.0281019956895345;8.7
New Jersey;1;2023;25.53;3.9;9290841;806665.2;112507;0.0209995190257094;9
New Jersey;2;2023;24.86;4;9290841;806665.2;112507;0.0209995190257094;9
New Jersey;3;2023;25.73;4;9290841;806665.2;112507;0.0209995190257094;9
New Jersey;4;2023;25.58;4.1;9290841;806665.2;112507;0.0209995190257094;9
New Jersey;5;2023;27.74;4.2;9290841;806665.2;112507;0.0209995190257094;9
New Jersey;6;2023;32.61;4.4;9290841;806665.2;112507;0.0209995190257094;9
New Jersey;7;2023;36.35;4.5;9290841;806665.2;112507;0.0209995190257094;9
New Jersey;8;2023;34.85;4.7;9290841;806665.2;112507;0.0209995190257094;9
New Jersey;9;2023;30.3;4.8;9290841;806665.2;112507;0.0209995190257094;9
New Jersey;10;2023;31.64;4.8;9290841;806665.2;112507;0.0209995190257094;9
New Jersey;11;2023;32.01;4.8;9290841;806665.2;112507;0.0209995190257094;9
New Jersey;12;2023;33.69;4.8;9290841;806665.2;112507;0.0209995190257094;9
New Mexico;1;2021;46.22;8.5;2116950;112978.5;108269;0.0337521721694961;18
New Mexico;2;2021;44.57;8.2;2116950;112978.5;108269;0.0337521721694961;18
New Mexico;3;2021;42.29;7.7;2116950;112978.5;108269;0.0337521721694961;18
New Mexico;4;2021;36.86;7.6;2116950;112978.5;108269;0.0337521721694961;18
New Mexico;5;2021;45.47;7.2;2116950;112978.5;108269;0.0337521721694961;18
New Mexico;6;2021;48;8.4;2116950;112978.5;108269;0.0337521721694961;18
New Mexico;7;2021;47.5;7.9;2116950;112978.5;108269;0.0337521721694961;18
New Mexico;8;2021;45.79;6.9;2116950;112978.5;108269;0.0337521721694961;18
New Mexico;9;2021;45.62;6;2116950;112978.5;108269;0.0337521721694961;18
New Mexico;10;2021;44.13;5.7;2116950;112978.5;108269;0.0337521721694961;18
New Mexico;11;2021;35.22;5.5;2116950;112978.5;108269;0.0337521721694961;18
New Mexico;12;2021;41.27;5.1;2116950;112978.5;108269;0.0337521721694961;18
New Mexico;1;2022;56.95;5.6;2113476;128138.8;110827;0.0236263381023192;20.2
New Mexico;2;2022;51.2;5;2113476;128138.8;110827;0.0236263381023192;20.2
New Mexico;3;2022;49.61;4.4;2113476;128138.8;110827;0.0236263381023192;20.2
New Mexico;4;2022;54.69;4.1;2113476;128138.8;110827;0.0236263381023192;20.2
New Mexico;5;2022;54.07;3.9;2113476;128138.8;110827;0.0236263381023192;20.2
New Mexico;6;2022;50.03;4.7;2113476;128138.8;110827;0.0236263381023192;20.2
New Mexico;7;2022;48.2;4.3;2113476;128138.8;110827;0.0236263381023192;20.2
New Mexico;8;2022;54.8;3.7;2113476;128138.8;110827;0.0236263381023192;20.2
New Mexico;9;2022;52.02;3.4;2113476;128138.8;110827;0.0236263381023192;20.2
New Mexico;10;2022;49.14;3.3;2113476;128138.8;110827;0.0236263381023192;20.2
New Mexico;11;2022;50.21;3.3;2113476;128138.8;110827;0.0236263381023192;20.2
New Mexico;12;2022;54.97;3.1;2113476;128138.8;110827;0.0236263381023192;20.2
New Mexico;1;2023;60.76;3.8;2114371;135009.6;118360;0.0679708013390239;17.3
New Mexico;2;2023;53.51;3.8;2114371;135009.6;118360;0.0679708013390239;17.3
New Mexico;3;2023;57.22;3.3;2114371;135009.6;118360;0.0679708013390239;17.3
New Mexico;4;2023;58.87;3.2;2114371;135009.6;118360;0.0679708013390239;17.3
New Mexico;5;2023;62.13;3.4;2114371;135009.6;118360;0.0679708013390239;17.3
New Mexico;6;2023;60.76;4.3;2114371;135009.6;118360;0.0679708013390239;17.3
New Mexico;7;2023;63.16;4.5;2114371;135009.6;118360;0.0679708013390239;17.3
New Mexico;8;2023;67.83;4.1;2114371;135009.6;118360;0.0679708013390239;17.3
New Mexico;9;2023;67.93;3.7;2114371;135009.6;118360;0.0679708013390239;17.3
New Mexico;10;2023;65.27;3.7;2114371;135009.6;118360;0.0679708013390239;17.3
New Mexico;11;2023;73.55;3.7;2114371;135009.6;118360;0.0679708013390239;17.3
New Mexico;12;2023;72.88;3.6;2114371;135009.6;118360;0.0679708013390239;17.3
New York;1;2021;5.1;8.6;19854526;1923413.3;106858;0.047956221559705;12.5
New York;2;2021;4.59;8.4;19854526;1923413.3;106858;0.047956221559705;12.5
New York;3;2021;5.06;8.1;19854526;1923413.3;106858;0.047956221559705;12.5
New York;4;2021;4.09;7.9;19854526;1923413.3;106858;0.047956221559705;12.5
New York;5;2021;5.1;7.5;19854526;1923413.3;106858;0.047956221559705;12.5
New York;6;2021;4.99;7.5;19854526;1923413.3;106858;0.047956221559705;12.5
New York;7;2021;5.92;7;19854526;1923413.3;106858;0.047956221559705;12.5
New York;8;2021;5.37;6.8;19854526;1923413.3;106858;0.047956221559705;12.5
New York;9;2021;5.37;6.3;19854526;1923413.3;106858;0.047956221559705;12.5
New York;10;2021;5.85;5.9;19854526;1923413.3;106858;0.047956221559705;12.5
New York;11;2021;6.52;5.6;19854526;1923413.3;106858;0.047956221559705;12.5
New York;12;2021;6.91;5.5;19854526;1923413.3;106858;0.047956221559705;12.5
New York;1;2022;6.88;5.2;19673200;2052758.8;108635;0.0166295457523068;12.7
New York;2;2022;6.58;4.8;19673200;2052758.8;108635;0.0166295457523068;12.7
New York;3;2022;7.28;4.6;19673200;2052758.8;108635;0.0166295457523068;12.7
New York;4;2022;7.09;4.4;19673200;2052758.8;108635;0.0166295457523068;12.7
New York;5;2022;6.82;4.3;19673200;2052758.8;108635;0.0166295457523068;12.7
New York;6;2022;7.19;4.2;19673200;2052758.8;108635;0.0166295457523068;12.7
New York;7;2022;7.68;4;19673200;2052758.8;108635;0.0166295457523068;12.7
New York;8;2022;8;3.9;19673200;2052758.8;108635;0.0166295457523068;12.7
New York;9;2022;8.3;4;19673200;2052758.8;108635;0.0166295457523068;12.7
New York;10;2022;8.95;4.1;19673200;2052758.8;108635;0.0166295457523068;12.7
New York;11;2022;9.93;4.2;19673200;2052758.8;108635;0.0166295457523068;12.7
New York;12;2022;13.54;4.2;19673200;2052758.8;108635;0.0166295457523068;12.7
New York;1;2023;43.5;4.1;19571216;2172009.6;110242;0.0147926543011;11
New York;2;2023;36.74;4;19571216;2172009.6;110242;0.0147926543011;11
New York;3;2023;33.69;4;19571216;2172009.6;110242;0.0147926543011;11
New York;4;2023;43.01;3.9;19571216;2172009.6;110242;0.0147926543011;11
New York;5;2023;46.67;3.9;19571216;2172009.6;110242;0.0147926543011;11
New York;6;2023;48.43;4;19571216;2172009.6;110242;0.0147926543011;11
New York;7;2023;47.62;4.1;19571216;2172009.6;110242;0.0147926543011;11
New York;8;2023;49.43;4.3;19571216;2172009.6;110242;0.0147926543011;11
New York;9;2023;42.99;4.4;19571216;2172009.6;110242;0.0147926543011;11
New York;10;2023;47.68;4.6;19571216;2172009.6;110242;0.0147926543011;11
New York;11;2023;46.12;4.6;19571216;2172009.6;110242;0.0147926543011;11
New York;12;2023;46.35;4.6;19571216;2172009.6;110242;0.0147926543011;11
North Carolina;1;2021;31.05;6.2;10567100;662147.1;109767;0.0632628152969894;11.8
North Carolina;2;2021;28.19;6;10567100;662147.1;109767;0.0632628152969894;11.8
North Carolina;3;2021;26.29;5.4;10567100;662147.1;109767;0.0632628152969894;11.8
North Carolina;4;2021;21.96;5.1;10567100;662147.1;109767;0.0632628152969894;11.8
North Carolina;5;2021;26.43;5.1;10567100;662147.1;109767;0.0632628152969894;11.8
North Carolina;6;2021;26.21;5.5;10567100;662147.1;109767;0.0632628152969894;11.8
North Carolina;7;2021;28.13;5.1;10567100;662147.1;109767;0.0632628152969894;11.8
North Carolina;8;2021;25;4.9;10567100;662147.1;109767;0.0632628152969894;11.8
North Carolina;9;2021;26;4.2;10567100;662147.1;109767;0.0632628152969894;11.8
North Carolina;10;2021;27.47;4.2;10567100;662147.1;109767;0.0632628152969894;11.8
North Carolina;11;2021;25.49;3.9;10567100;662147.1;109767;0.0632628152969894;11.8
North Carolina;12;2021;28.4;3.3;10567100;662147.1;109767;0.0632628152969894;11.8
North Carolina;1;2022;24.51;4.1;10695965;728498.7;113300;0.0321863583772901;14.2
North Carolina;2;2022;25.2;3.9;10695965;728498.7;113300;0.0321863583772901;14.2
North Carolina;3;2022;25.92;3.6;10695965;728498.7;113300;0.0321863583772901;14.2
North Carolina;4;2022;27.41;3.3;10695965;728498.7;113300;0.0321863583772901;14.2
North Carolina;5;2022;26.68;3.5;10695965;728498.7;113300;0.0321863583772901;14.2
North Carolina;6;2022;28.59;3.9;10695965;728498.7;113300;0.0321863583772901;14.2
North Carolina;7;2022;30.54;3.9;10695965;728498.7;113300;0.0321863583772901;14.2
North Carolina;8;2022;29.08;4.1;10695965;728498.7;113300;0.0321863583772901;14.2
North Carolina;9;2022;26.68;3.4;10695965;728498.7;113300;0.0321863583772901;14.2
North Carolina;10;2022;27.31;3.7;10695965;728498.7;113300;0.0321863583772901;14.2
North Carolina;11;2022;29.54;3.6;10695965;728498.7;113300;0.0321863583772901;14.2
North Carolina;12;2022;30.74;3.3;10695965;728498.7;113300;0.0321863583772901;14.2
North Carolina;1;2023;28.57;3.8;10835491;788103.2;116689;0.0299117387466902;13.6
North Carolina;2;2023;25.53;3.7;10835491;788103.2;116689;0.0299117387466902;13.6
North Carolina;3;2023;27.63;3.5;10835491;788103.2;116689;0.0299117387466902;13.6
North Carolina;4;2023;29;2.9;10835491;788103.2;116689;0.0299117387466902;13.6
North Carolina;5;2023;30.04;3.4;10835491;788103.2;116689;0.0299117387466902;13.6
North Carolina;6;2023;30.78;3.6;10835491;788103.2;116689;0.0299117387466902;13.6
North Carolina;7;2023;30.89;3.6;10835491;788103.2;116689;0.0299117387466902;13.6
North Carolina;8;2023;33.49;3.7;10835491;788103.2;116689;0.0299117387466902;13.6
North Carolina;9;2023;30.71;3.2;10835491;788103.2;116689;0.0299117387466902;13.6
North Carolina;10;2023;33.12;3.4;10835491;788103.2;116689;0.0299117387466902;13.6
North Carolina;11;2023;32.95;3.4;10835491;788103.2;116689;0.0299117387466902;13.6
North Carolina;12;2023;34.68;3.2;10835491;788103.2;116689;0.0299117387466902;13.6
North Dakota;1;2021;24.34;4;777982;63838.5;99804;0.0101823923561206;8.5
North Dakota;2;2021;17.98;3.8;777982;63838.5;99804;0.0101823923561206;8.5
North Dakota;3;2021;25.83;3.6;777982;63838.5;99804;0.0101823923561206;8.5
North Dakota;4;2021;20.28;3.4;777982;63838.5;99804;0.0101823923561206;8.5
North Dakota;5;2021;22.47;3.2;777982;63838.5;99804;0.0101823923561206;8.5
North Dakota;6;2021;24.02;3;777982;63838.5;99804;0.0101823923561206;8.5
North Dakota;7;2021;21.96;2.8;777982;63838.5;99804;0.0101823923561206;8.5
North Dakota;8;2021;21.83;2.7;777982;63838.5;99804;0.0101823923561206;8.5
North Dakota;9;2021;21.34;2.5;777982;63838.5;99804;0.0101823923561206;8.5
North Dakota;10;2021;21.23;2.4;777982;63838.5;99804;0.0101823923561206;8.5
North Dakota;11;2021;21.2;2.3;777982;63838.5;99804;0.0101823923561206;8.5
North Dakota;12;2021;20.52;2.3;777982;63838.5;99804;0.0101823923561206;8.5
North Dakota;1;2022;16.17;2.2;778912;73780;99041;-0.00764498416897118;9.7
North Dakota;2;2022;24;2.1;778912;73780;99041;-0.00764498416897118;9.7
North Dakota;3;2022;25.15;2;778912;73780;99041;-0.00764498416897118;9.7
North Dakota;4;2022;18.75;2;778912;73780;99041;-0.00764498416897118;9.7
North Dakota;5;2022;24.9;1.9;778912;73780;99041;-0.00764498416897118;9.7
North Dakota;6;2022;21.82;1.9;778912;73780;99041;-0.00764498416897118;9.7
North Dakota;7;2022;28.1;1.9;778912;73780;99041;-0.00764498416897118;9.7
North Dakota;8;2022;29.9;2;778912;73780;99041;-0.00764498416897118;9.7
North Dakota;9;2022;24.13;2;778912;73780;99041;-0.00764498416897118;9.7
North Dakota;10;2022;29.86;2;778912;73780;99041;-0.00764498416897118;9.7
North Dakota;11;2022;28.75;2;778912;73780;99041;-0.00764498416897118;9.7
North Dakota;12;2022;21.82;2;778912;73780;99041;-0.00764498416897118;9.7
North Dakota;1;2023;24.87;2;783926;76043.3;106755;0.0778869357134924;9.9
North Dakota;2;2023;23.09;2;783926;76043.3;106755;0.0778869357134924;9.9
North Dakota;3;2023;23.34;1.9;783926;76043.3;106755;0.0778869357134924;9.9
North Dakota;4;2023;26.88;1.9;783926;76043.3;106755;0.0778869357134924;9.9
North Dakota;5;2023;28.72;1.8;783926;76043.3;106755;0.0778869357134924;9.9
North Dakota;6;2023;29.86;1.8;783926;76043.3;106755;0.0778869357134924;9.9
North Dakota;7;2023;34.4;1.8;783926;76043.3;106755;0.0778869357134924;9.9
North Dakota;8;2023;31.27;1.8;783926;76043.3;106755;0.0778869357134924;9.9
North Dakota;9;2023;31.28;1.9;783926;76043.3;106755;0.0778869357134924;9.9
North Dakota;10;2023;32.91;1.9;783926;76043.3;106755;0.0778869357134924;9.9
North Dakota;11;2023;35.31;1.9;783926;76043.3;106755;0.0778869357134924;9.9
North Dakota;12;2023;32.57;1.9;783926;76043.3;106755;0.0778869357134924;9.9
Ohio;1;2021;19.41;6;11765227;763595.8;105871;0.0537678288825409;11.6
Ohio;2;2021;17.89;5.9;11765227;763595.8;105871;0.0537678288825409;11.6
Ohio;3;2021;17.26;5.8;11765227;763595.8;105871;0.0537678288825409;11.6
Ohio;4;2021;15.85;5.7;11765227;763595.8;105871;0.0537678288825409;11.6
Ohio;5;2021;17.52;5.5;11765227;763595.8;105871;0.0537678288825409;11.6
Ohio;6;2021;17.89;5.3;11765227;763595.8;105871;0.0537678288825409;11.6
Ohio;7;2021;19.36;5.1;11765227;763595.8;105871;0.0537678288825409;11.6
Ohio;8;2021;19.13;4.9;11765227;763595.8;105871;0.0537678288825409;11.6
Ohio;9;2021;18.97;4.7;11765227;763595.8;105871;0.0537678288825409;11.6
Ohio;10;2021;20.58;4.5;11765227;763595.8;105871;0.0537678288825409;11.6
Ohio;11;2021;20.17;4.3;11765227;763595.8;105871;0.0537678288825409;11.6
Ohio;12;2021;22.06;4.2;11765227;763595.8;105871;0.0537678288825409;11.6
Ohio;1;2022;19.6;4.1;11759697;832660.7;106604;0.00692352013299204;9.9
Ohio;2;2022;19.28;4;11759697;832660.7;106604;0.00692352013299204;9.9
Ohio;3;2022;21.61;3.9;11759697;832660.7;106604;0.00692352013299204;9.9
Ohio;4;2022;21.64;3.9;11759697;832660.7;106604;0.00692352013299204;9.9
Ohio;5;2022;22.73;3.9;11759697;832660.7;106604;0.00692352013299204;9.9
Ohio;6;2022;22.19;3.9;11759697;832660.7;106604;0.00692352013299204;9.9
Ohio;7;2022;23.22;4;11759697;832660.7;106604;0.00692352013299204;9.9
Ohio;8;2022;23.06;4.1;11759697;832660.7;106604;0.00692352013299204;9.9
Ohio;9;2022;22.4;4.1;11759697;832660.7;106604;0.00692352013299204;9.9
Ohio;10;2022;22.86;4.1;11759697;832660.7;106604;0.00692352013299204;9.9
Ohio;11;2022;24.25;4;11759697;832660.7;106604;0.00692352013299204;9.9
Ohio;12;2022;22.75;3.9;11759697;832660.7;106604;0.00692352013299204;9.9
Ohio;1;2023;22.56;3.8;11785935;884834.2;108836;0.0209373006641402;11.1
Ohio;2;2023;21.62;3.7;11785935;884834.2;108836;0.0209373006641402;11.1
Ohio;3;2023;22.77;3.5;11785935;884834.2;108836;0.0209373006641402;11.1
Ohio;4;2023;22.65;3.4;11785935;884834.2;108836;0.0209373006641402;11.1
Ohio;5;2023;24.02;3.3;11785935;884834.2;108836;0.0209373006641402;11.1
Ohio;6;2023;23.42;3.3;11785935;884834.2;108836;0.0209373006641402;11.1
Ohio;7;2023;23.69;3.4;11785935;884834.2;108836;0.0209373006641402;11.1
Ohio;8;2023;24.13;3.5;11785935;884834.2;108836;0.0209373006641402;11.1
Ohio;9;2023;21.58;3.6;11785935;884834.2;108836;0.0209373006641402;11.1
Ohio;10;2023;24.74;3.6;11785935;884834.2;108836;0.0209373006641402;11.1
Ohio;11;2023;24.4;3.6;11785935;884834.2;108836;0.0209373006641402;11.1
Ohio;12;2023;25.01;3.6;11785935;884834.2;108836;0.0209373006641402;11.1
Oklahoma;1;2021;30.63;5;3991634;217786.5;100828;0.0134282153338962;15.1
Oklahoma;2;2021;24.25;4.9;3991634;217786.5;100828;0.0134282153338962;15.1
Oklahoma;3;2021;26.91;4.8;3991634;217786.5;100828;0.0134282153338962;15.1
Oklahoma;4;2021;26.59;4.7;3991634;217786.5;100828;0.0134282153338962;15.1
Oklahoma;5;2021;28.88;4.5;3991634;217786.5;100828;0.0134282153338962;15.1
Oklahoma;6;2021;28.33;4.3;3991634;217786.5;100828;0.0134282153338962;15.1
Oklahoma;7;2021;29.11;4;3991634;217786.5;100828;0.0134282153338962;15.1
Oklahoma;8;2021;26.28;3.7;3991634;217786.5;100828;0.0134282153338962;15.1
Oklahoma;9;2021;28.8;3.4;3991634;217786.5;100828;0.0134282153338962;15.1
Oklahoma;10;2021;33.49;3.2;3991634;217786.5;100828;0.0134282153338962;15.1
Oklahoma;11;2021;28.78;3;3991634;217786.5;100828;0.0134282153338962;15.1
Oklahoma;12;2021;29.35;2.9;3991634;217786.5;100828;0.0134282153338962;15.1
Oklahoma;1;2022;25.24;2.9;4019271;245976.2;100728;-0.000991787995398104;16.9
Oklahoma;2;2022;24.56;2.9;4019271;245976.2;100728;-0.000991787995398104;16.9
Oklahoma;3;2022;27.4;2.9;4019271;245976.2;100728;-0.000991787995398104;16.9
Oklahoma;4;2022;27.7;2.9;4019271;245976.2;100728;-0.000991787995398104;16.9
Oklahoma;5;2022;33.14;2.9;4019271;245976.2;100728;-0.000991787995398104;16.9
Oklahoma;6;2022;32.08;3;4019271;245976.2;100728;-0.000991787995398104;16.9
Oklahoma;7;2022;28.8;3.1;4019271;245976.2;100728;-0.000991787995398104;16.9
Oklahoma;8;2022;27.5;3.2;4019271;245976.2;100728;-0.000991787995398104;16.9
Oklahoma;9;2022;28.3;3.2;4019271;245976.2;100728;-0.000991787995398104;16.9
Oklahoma;10;2022;31.8;3.2;4019271;245976.2;100728;-0.000991787995398104;16.9
Oklahoma;11;2022;32.36;3.2;4019271;245976.2;100728;-0.000991787995398104;16.9
Oklahoma;12;2022;33.53;3.1;4019271;245976.2;100728;-0.000991787995398104;16.9
Oklahoma;1;2023;33.73;3.1;4053824;256689.4;107990;0.0720951473274561;12.9
Oklahoma;2;2023;29.01;3;4053824;256689.4;107990;0.0720951473274561;12.9
Oklahoma;3;2023;30.39;3;4053824;256689.4;107990;0.0720951473274561;12.9
Oklahoma;4;2023;29.79;2.9;4053824;256689.4;107990;0.0720951473274561;12.9
Oklahoma;5;2023;33.11;3;4053824;256689.4;107990;0.0720951473274561;12.9
Oklahoma;6;2023;29.57;3.1;4053824;256689.4;107990;0.0720951473274561;12.9
Oklahoma;7;2023;30.28;3.2;4053824;256689.4;107990;0.0720951473274561;12.9
Oklahoma;8;2023;30.39;3.3;4053824;256689.4;107990;0.0720951473274561;12.9
Oklahoma;9;2023;29.26;3.5;4053824;256689.4;107990;0.0720951473274561;12.9
Oklahoma;10;2023;33.44;3.5;4053824;256689.4;107990;0.0720951473274561;12.9
Oklahoma;11;2023;31.39;3.5;4053824;256689.4;107990;0.0720951473274561;12.9
Oklahoma;12;2023;37.54;3.5;4053824;256689.4;107990;0.0720951473274561;12.9
Oregon;1;2021;26.87;6.4;4256465;275653.1;110992;0.0543354358233908;9.2
Oregon;2;2021;26.46;6.2;4256465;275653.1;110992;0.0543354358233908;9.2
Oregon;3;2021;28.7;6.1;4256465;275653.1;110992;0.0543354358233908;9.2
Oregon;4;2021;26.02;5.9;4256465;275653.1;110992;0.0543354358233908;9.2
Oregon;5;2021;31.23;5.6;4256465;275653.1;110992;0.0543354358233908;9.2
Oregon;6;2021;30.58;5.4;4256465;275653.1;110992;0.0543354358233908;9.2
Oregon;7;2021;32.8;5;4256465;275653.1;110992;0.0543354358233908;9.2
Oregon;8;2021;31.01;4.7;4256465;275653.1;110992;0.0543354358233908;9.2
Oregon;9;2021;30.17;4.4;4256465;275653.1;110992;0.0543354358233908;9.2
Oregon;10;2021;32.79;4.2;4256465;275653.1;110992;0.0543354358233908;9.2
Oregon;11;2021;38.14;4;4256465;275653.1;110992;0.0543354358233908;9.2
Oregon;12;2021;36.22;3.9;4256465;275653.1;110992;0.0543354358233908;9.2
Oregon;1;2022;40.44;3.9;4239379;298848;113536;0.0229205708519533;9.9
Oregon;2;2022;39.08;3.7;4239379;298848;113536;0.0229205708519533;9.9
Oregon;3;2022;42.98;3.7;4239379;298848;113536;0.0229205708519533;9.9
Oregon;4;2022;37.87;3.7;4239379;298848;113536;0.0229205708519533;9.9
Oregon;5;2022;38.63;3.7;4239379;298848;113536;0.0229205708519533;9.9
Oregon;6;2022;37.39;3.8;4239379;298848;113536;0.0229205708519533;9.9
Oregon;7;2022;37.19;3.9;4239379;298848;113536;0.0229205708519533;9.9
Oregon;8;2022;38.58;4;4239379;298848;113536;0.0229205708519533;9.9
Oregon;9;2022;34.07;4.2;4239379;298848;113536;0.0229205708519533;9.9
Oregon;10;2022;36.59;4.2;4239379;298848;113536;0.0229205708519533;9.9
Oregon;11;2022;38.63;4.2;4239379;298848;113536;0.0229205708519533;9.9
Oregon;12;2022;39.07;4;4239379;298848;113536;0.0229205708519533;9.9
Oregon;1;2023;43.94;3.8;4233358;318884.1;116147;0.022997111048478;10.3
Oregon;2;2023;37.41;3.6;4233358;318884.1;116147;0.022997111048478;10.3
Oregon;3;2023;43.74;3.5;4233358;318884.1;116147;0.022997111048478;10.3
Oregon;4;2023;44.85;3.4;4233358;318884.1;116147;0.022997111048478;10.3
Oregon;5;2023;44.16;3.4;4233358;318884.1;116147;0.022997111048478;10.3
Oregon;6;2023;46.97;3.5;4233358;318884.1;116147;0.022997111048478;10.3
Oregon;7;2023;45.08;3.6;4233358;318884.1;116147;0.022997111048478;10.3
Oregon;8;2023;49.9;3.8;4233358;318884.1;116147;0.022997111048478;10.3
Oregon;9;2023;49.43;3.9;4233358;318884.1;116147;0.022997111048478;10.3
Oregon;10;2023;52.39;4;4233358;318884.1;116147;0.022997111048478;10.3
Oregon;11;2023;51.62;4;4233358;318884.1;116147;0.022997111048478;10.3
Oregon;12;2023;54.81;4;4233358;318884.1;116147;0.022997111048478;10.3
Pennsylvania;1;2021;20.03;7.4;13013614;844431.8;101484;0.0395607547479052;10.8
Pennsylvania;2;2021;16.1;7.1;13013614;844431.8;101484;0.0395607547479052;10.8
Pennsylvania;3;2021;13.89;6.8;13013614;844431.8;101484;0.0395607547479052;10.8
Pennsylvania;4;2021;18.96;6.6;13013614;844431.8;101484;0.0395607547479052;10.8
Pennsylvania;5;2021;23.2;6.3;13013614;844431.8;101484;0.0395607547479052;10.8
Pennsylvania;6;2021;23.27;6.1;13013614;844431.8;101484;0.0395607547479052;10.8
Pennsylvania;7;2021;26.39;5.9;13013614;844431.8;101484;0.0395607547479052;10.8
Pennsylvania;8;2021;25.86;5.6;13013614;844431.8;101484;0.0395607547479052;10.8
Pennsylvania;9;2021;24.83;5.2;13013614;844431.8;101484;0.0395607547479052;10.8
Pennsylvania;10;2021;30.2;4.9;13013614;844431.8;101484;0.0395607547479052;10.8
Pennsylvania;11;2021;26.41;4.7;13013614;844431.8;101484;0.0395607547479052;10.8
Pennsylvania;12;2021;26.39;4.5;13013614;844431.8;101484;0.0395607547479052;10.8
Pennsylvania;1;2022;25.6;4.3;12972091;919741.1;103320;0.0180915218162469;10.9
Pennsylvania;2;2022;26.73;4.2;12972091;919741.1;103320;0.0180915218162469;10.9
Pennsylvania;3;2022;29.55;4.2;12972091;919741.1;103320;0.0180915218162469;10.9
Pennsylvania;4;2022;28.49;4.1;12972091;919741.1;103320;0.0180915218162469;10.9
Pennsylvania;5;2022;33.04;4.1;12972091;919741.1;103320;0.0180915218162469;10.9
Pennsylvania;6;2022;36.85;4.1;12972091;919741.1;103320;0.0180915218162469;10.9
Pennsylvania;7;2022;40.53;4;12972091;919741.1;103320;0.0180915218162469;10.9
Pennsylvania;8;2022;39.64;4;12972091;919741.1;103320;0.0180915218162469;10.9
Pennsylvania;9;2022;37.65;4;12972091;919741.1;103320;0.0180915218162469;10.9
Pennsylvania;10;2022;39.06;3.9;12972091;919741.1;103320;0.0180915218162469;10.9
Pennsylvania;11;2022;36.44;3.9;12972091;919741.1;103320;0.0180915218162469;10.9
Pennsylvania;12;2022;35.4;3.8;12972091;919741.1;103320;0.0180915218162469;10.9
Pennsylvania;1;2023;36.3;3.8;12961683;976360.8;105954;0.0254936120789779;10.3
Pennsylvania;2;2023;32.48;3.7;12961683;976360.8;105954;0.0254936120789779;10.3
Pennsylvania;3;2023;37.23;3.5;12961683;976360.8;105954;0.0254936120789779;10.3
Pennsylvania;4;2023;37.32;3.4;12961683;976360.8;105954;0.0254936120789779;10.3
Pennsylvania;5;2023;42.78;3.3;12961683;976360.8;105954;0.0254936120789779;10.3
Pennsylvania;6;2023;43.06;3.2;12961683;976360.8;105954;0.0254936120789779;10.3
Pennsylvania;7;2023;46.26;3.2;12961683;976360.8;105954;0.0254936120789779;10.3
Pennsylvania;8;2023;48.35;3.3;12961683;976360.8;105954;0.0254936120789779;10.3
Pennsylvania;9;2023;43.99;3.3;12961683;976360.8;105954;0.0254936120789779;10.3
Pennsylvania;10;2023;45.17;3.4;12961683;976360.8;105954;0.0254936120789779;10.3
Pennsylvania;11;2023;43.07;3.4;12961683;976360.8;105954;0.0254936120789779;10.3
Pennsylvania;12;2023;42.93;3.4;12961683;976360.8;105954;0.0254936120789779;10.3
Rhode Island;1;2021;10.32;6.6;1097092;67228.3;103457;0.0441658844783561;9.4
Rhode Island;2;2021;9.41;6.4;1097092;67228.3;103457;0.0441658844783561;9.4
Rhode Island;3;2021;9.59;6.2;1097092;67228.3;103457;0.0441658844783561;9.4
Rhode Island;4;2021;9.04;6.2;1097092;67228.3;103457;0.0441658844783561;9.4
Rhode Island;5;2021;10.23;6;1097092;67228.3;103457;0.0441658844783561;9.4
Rhode Island;6;2021;7.77;6;1097092;67228.3;103457;0.0441658844783561;9.4
Rhode Island;7;2021;9.87;5.8;1097092;67228.3;103457;0.0441658844783561;9.4
Rhode Island;8;2021;10.6;5.5;1097092;67228.3;103457;0.0441658844783561;9.4
Rhode Island;9;2021;10.23;5.1;1097092;67228.3;103457;0.0441658844783561;9.4
Rhode Island;10;2021;11.15;4.6;1097092;67228.3;103457;0.0441658844783561;9.4
Rhode Island;11;2021;12.06;4.1;1097092;67228.3;103457;0.0441658844783561;9.4
Rhode Island;12;2021;12.97;3.7;1097092;67228.3;103457;0.0441658844783561;9.4
Rhode Island;1;2022;8.61;3.5;1093842;72869.2;105969;0.0242806190011309;8.4
Rhode Island;2;2022;9.98;3.3;1093842;72869.2;105969;0.0242806190011309;8.4
Rhode Island;3;2022;10.44;3.1;1093842;72869.2;105969;0.0242806190011309;8.4
Rhode Island;4;2022;11.26;3;1093842;72869.2;105969;0.0242806190011309;8.4
Rhode Island;5;2022;10.16;3;1093842;72869.2;105969;0.0242806190011309;8.4
Rhode Island;6;2022;12.73;3.1;1093842;72869.2;105969;0.0242806190011309;8.4
Rhode Island;7;2022;8.97;3.2;1093842;72869.2;105969;0.0242806190011309;8.4
Rhode Island;8;2022;10.25;3.3;1093842;72869.2;105969;0.0242806190011309;8.4
Rhode Island;9;2022;10.89;3.2;1093842;72869.2;105969;0.0242806190011309;8.4
Rhode Island;10;2022;14.19;3.2;1093842;72869.2;105969;0.0242806190011309;8.4
Rhode Island;11;2022;12.91;3.1;1093842;72869.2;105969;0.0242806190011309;8.4
Rhode Island;12;2022;12.27;3;1093842;72869.2;105969;0.0242806190011309;8.4
Rhode Island;1;2023;13.7;2.9;1095962;77573.9;107666;0.0160141173362021;8.9
Rhode Island;2;2023;11.33;2.8;1095962;77573.9;107666;0.0160141173362021;8.9
Rhode Island;3;2023;14.8;2.7;1095962;77573.9;107666;0.0160141173362021;8.9
Rhode Island;4;2023;13.8;2.7;1095962;77573.9;107666;0.0160141173362021;8.9
Rhode Island;5;2023;14.71;2.6;1095962;77573.9;107666;0.0160141173362021;8.9
Rhode Island;6;2023;17.18;2.6;1095962;77573.9;107666;0.0160141173362021;8.9
Rhode Island;7;2023;11.24;2.7;1095962;77573.9;107666;0.0160141173362021;8.9
Rhode Island;8;2023;16.17;2.9;1095962;77573.9;107666;0.0160141173362021;8.9
Rhode Island;9;2023;12.43;3.2;1095962;77573.9;107666;0.0160141173362021;8.9
Rhode Island;10;2023;15.62;3.4;1095962;77573.9;107666;0.0160141173362021;8.9
Rhode Island;11;2023;13.8;3.4;1095962;77573.9;107666;0.0160141173362021;8.9
Rhode Island;12;2023;13.34;3.4;1095962;77573.9;107666;0.0160141173362021;8.9
South Carolina;1;2021;34.49;4.6;5193848;272384.7;109253;0.0517940176946849;13.7
South Carolina;2;2021;30.3;4.4;5193848;272384.7;109253;0.0517940176946849;13.7
South Carolina;3;2021;28.97;4.3;5193848;272384.7;109253;0.0517940176946849;13.7
South Carolina;4;2021;24.9;4.2;5193848;272384.7;109253;0.0517940176946849;13.7
South Carolina;5;2021;30.28;4.1;5193848;272384.7;109253;0.0517940176946849;13.7
South Carolina;6;2021;30.2;4.1;5193848;272384.7;109253;0.0517940176946849;13.7
South Carolina;7;2021;30.29;3.9;5193848;272384.7;109253;0.0517940176946849;13.7
South Carolina;8;2021;31.09;3.8;5193848;272384.7;109253;0.0517940176946849;13.7
South Carolina;9;2021;32.85;3.7;5193848;272384.7;109253;0.0517940176946849;13.7
South Carolina;10;2021;33.12;3.5;5193848;272384.7;109253;0.0517940176946849;13.7
South Carolina;11;2021;32.38;3.4;5193848;272384.7;109253;0.0517940176946849;13.7
South Carolina;12;2021;34.7;3.3;5193848;272384.7;109253;0.0517940176946849;13.7
South Carolina;1;2022;30.58;3.3;5282955;301945.1;113144;0.0356145826659222;12.9
South Carolina;2;2022;28.84;3.2;5282955;301945.1;113144;0.0356145826659222;12.9
South Carolina;3;2022;33.5;3.2;5282955;301945.1;113144;0.0356145826659222;12.9
South Carolina;4;2022;31.49;3.2;5282955;301945.1;113144;0.0356145826659222;12.9
South Carolina;5;2022;32.44;3.2;5282955;301945.1;113144;0.0356145826659222;12.9
South Carolina;6;2022;29.29;3.2;5282955;301945.1;113144;0.0356145826659222;12.9
South Carolina;7;2022;31.82;3.2;5282955;301945.1;113144;0.0356145826659222;12.9
South Carolina;8;2022;33.58;3.2;5282955;301945.1;113144;0.0356145826659222;12.9
South Carolina;9;2022;30.85;3.3;5282955;301945.1;113144;0.0356145826659222;12.9
South Carolina;10;2022;34.44;3.2;5282955;301945.1;113144;0.0356145826659222;12.9
South Carolina;11;2022;34.84;3.2;5282955;301945.1;113144;0.0356145826659222;12.9
South Carolina;12;2022;37.72;3.1;5282955;301945.1;113144;0.0356145826659222;12.9
South Carolina;1;2023;37.48;3.1;5373555;327420.1;116609;0.0306246906596903;11.7
South Carolina;2;2023;31.76;3;5373555;327420.1;116609;0.0306246906596903;11.7
South Carolina;3;2023;32.45;3;5373555;327420.1;116609;0.0306246906596903;11.7
South Carolina;4;2023;32.75;2.9;5373555;327420.1;116609;0.0306246906596903;11.7
South Carolina;5;2023;35.84;2.9;5373555;327420.1;116609;0.0306246906596903;11.7
South Carolina;6;2023;36.81;2.8;5373555;327420.1;116609;0.0306246906596903;11.7
South Carolina;7;2023;35.57;2.8;5373555;327420.1;116609;0.0306246906596903;11.7
South Carolina;8;2023;35.19;2.9;5373555;327420.1;116609;0.0306246906596903;11.7
South Carolina;9;2023;32.8;3;5373555;327420.1;116609;0.0306246906596903;11.7
South Carolina;10;2023;34.55;3;5373555;327420.1;116609;0.0306246906596903;11.7
South Carolina;11;2023;32.26;3;5373555;327420.1;116609;0.0306246906596903;11.7
South Carolina;12;2023;35.02;3;5373555;327420.1;116609;0.0306246906596903;11.7
South Dakota;1;2021;22.86;3.1;896299;62984.8;107558;0.0520251567405784;8.4
South Dakota;2;2021;19.7;3.5;896299;62984.8;107558;0.0520251567405784;8.4
South Dakota;3;2021;19.16;2.9;896299;62984.8;107558;0.0520251567405784;8.4
South Dakota;4;2021;14.97;2.9;896299;62984.8;107558;0.0520251567405784;8.4
South Dakota;5;2021;18.49;2.7;896299;62984.8;107558;0.0520251567405784;8.4
South Dakota;6;2021;14.35;3;896299;62984.8;107558;0.0520251567405784;8.4
South Dakota;7;2021;14.27;2.4;896299;62984.8;107558;0.0520251567405784;8.4
South Dakota;8;2021;13.61;2.7;896299;62984.8;107558;0.0520251567405784;8.4
South Dakota;9;2021;17.77;2;896299;62984.8;107558;0.0520251567405784;8.4
South Dakota;10;2021;16.99;2.2;896299;62984.8;107558;0.0520251567405784;8.4
South Dakota;11;2021;14.79;1.9;896299;62984.8;107558;0.0520251567405784;8.4
South Dakota;12;2021;17.29;2;896299;62984.8;107558;0.0520251567405784;8.4
South Dakota;1;2022;20.19;2.2;909869;69069.3;107061;-0.00462076275125979;9.1
South Dakota;2;2022;24.09;2.4;909869;69069.3;107061;-0.00462076275125979;9.1
South Dakota;3;2022;22.03;2;909869;69069.3;107061;-0.00462076275125979;9.1
South Dakota;4;2022;25.42;2;909869;69069.3;107061;-0.00462076275125979;9.1
South Dakota;5;2022;27.35;1.9;909869;69069.3;107061;-0.00462076275125979;9.1
South Dakota;6;2022;23.59;2.1;909869;69069.3;107061;-0.00462076275125979;9.1
South Dakota;7;2022;31.44;1.8;909869;69069.3;107061;-0.00462076275125979;9.1
South Dakota;8;2022;26.2;2.2;909869;69069.3;107061;-0.00462076275125979;9.1
South Dakota;9;2022;22.81;1.7;909869;69069.3;107061;-0.00462076275125979;9.1
South Dakota;10;2022;24.13;1.9;909869;69069.3;107061;-0.00462076275125979;9.1
South Dakota;11;2022;19.86;1.8;909869;69069.3;107061;-0.00462076275125979;9.1
South Dakota;12;2022;21.45;2.1;909869;69069.3;107061;-0.00462076275125979;9.1
South Dakota;1;2023;25.36;2;919318;74033.9;110966;0.0364745332100391;7.5
South Dakota;2;2023;19.17;2.4;919318;74033.9;110966;0.0364745332100391;7.5
South Dakota;3;2023;21.39;1.9;919318;74033.9;110966;0.0364745332100391;7.5
South Dakota;4;2023;23.57;2.1;919318;74033.9;110966;0.0364745332100391;7.5
South Dakota;5;2023;27.76;2;919318;74033.9;110966;0.0364745332100391;7.5
South Dakota;6;2023;27.17;2.1;919318;74033.9;110966;0.0364745332100391;7.5
South Dakota;7;2023;28.18;1.7;919318;74033.9;110966;0.0364745332100391;7.5
South Dakota;8;2023;30.24;2.1;919318;74033.9;110966;0.0364745332100391;7.5
South Dakota;9;2023;29.8;1.8;919318;74033.9;110966;0.0364745332100391;7.5
South Dakota;10;2023;26.77;2;919318;74033.9;110966;0.0364745332100391;7.5
South Dakota;11;2023;28.04;1.7;919318;74033.9;110966;0.0364745332100391;7.5
South Dakota;12;2023;26.2;2;919318;74033.9;110966;0.0364745332100391;7.5
Tennessee;1;2021;39.69;5.4;6963709;441952.5;112612;0.0880176228478677;10.6
Tennessee;2;2021;33.72;5.2;6963709;441952.5;112612;0.0880176228478677;10.6
Tennessee;3;2021;33.9;5.1;6963709;441952.5;112612;0.0880176228478677;10.6
Tennessee;4;2021;30.51;5;6963709;441952.5;112612;0.0880176228478677;10.6
Tennessee;5;2021;34.56;4.8;6963709;441952.5;112612;0.0880176228478677;10.6
Tennessee;6;2021;31.58;4.7;6963709;441952.5;112612;0.0880176228478677;10.6
Tennessee;7;2021;32.72;4.4;6963709;441952.5;112612;0.0880176228478677;10.6
Tennessee;8;2021;31.47;4.2;6963709;441952.5;112612;0.0880176228478677;10.6
Tennessee;9;2021;29.05;3.9;6963709;441952.5;112612;0.0880176228478677;10.6
Tennessee;10;2021;32.04;3.8;6963709;441952.5;112612;0.0880176228478677;10.6
Tennessee;11;2021;30.4;3.6;6963709;441952.5;112612;0.0880176228478677;10.6
Tennessee;12;2021;34.4;3.5;6963709;441952.5;112612;0.0880176228478677;10.6
Tennessee;1;2022;33.08;3.4;7048976;488670.1;116615;0.0355468333747736;10.5
Tennessee;2;2022;30.23;3.4;7048976;488670.1;116615;0.0355468333747736;10.5
Tennessee;3;2022;32.54;3.3;7048976;488670.1;116615;0.0355468333747736;10.5
Tennessee;4;2022;33.4;3.3;7048976;488670.1;116615;0.0355468333747736;10.5
Tennessee;5;2022;35.95;3.3;7048976;488670.1;116615;0.0355468333747736;10.5
Tennessee;6;2022;30.83;3.3;7048976;488670.1;116615;0.0355468333747736;10.5
Tennessee;7;2022;34.76;3.3;7048976;488670.1;116615;0.0355468333747736;10.5
Tennessee;8;2022;34.72;3.4;7048976;488670.1;116615;0.0355468333747736;10.5
Tennessee;9;2022;34.72;3.4;7048976;488670.1;116615;0.0355468333747736;10.5
Tennessee;10;2022;35.16;3.5;7048976;488670.1;116615;0.0355468333747736;10.5
Tennessee;11;2022;35.51;3.5;7048976;488670.1;116615;0.0355468333747736;10.5
Tennessee;12;2022;35.5;3.5;7048976;488670.1;116615;0.0355468333747736;10.5
Tennessee;1;2023;34.37;3.4;7126489;523031.6;118758;0.018376709685718;10.7
Tennessee;2;2023;29.62;3.3;7126489;523031.6;118758;0.018376709685718;10.7
Tennessee;3;2023;35.79;3.2;7126489;523031.6;118758;0.018376709685718;10.7
Tennessee;4;2023;38.03;3.1;7126489;523031.6;118758;0.018376709685718;10.7
Tennessee;5;2023;40.3;3.1;7126489;523031.6;118758;0.018376709685718;10.7
Tennessee;6;2023;41.87;3.1;7126489;523031.6;118758;0.018376709685718;10.7
Tennessee;7;2023;42.17;3.2;7126489;523031.6;118758;0.018376709685718;10.7
Tennessee;8;2023;41.89;3.3;7126489;523031.6;118758;0.018376709685718;10.7
Tennessee;9;2023;38.59;3.4;7126489;523031.6;118758;0.018376709685718;10.7
Tennessee;10;2023;39.98;3.5;7126489;523031.6;118758;0.018376709685718;10.7
Tennessee;11;2023;40.25;3.5;7126489;523031.6;118758;0.018376709685718;10.7
Tennessee;12;2023;43.08;3.4;7126489;523031.6;118758;0.018376709685718;10.7
Texas;1;2021;20.91;6.7;29561286;2088972.3;112702;0.0594483821842862;13.5
Texas;2;2021;16.79;6.6;29561286;2088972.3;112702;0.0594483821842862;13.5
Texas;3;2021;18.24;6.4;29561286;2088972.3;112702;0.0594483821842862;13.5
Texas;4;2021;17.82;6.2;29561286;2088972.3;112702;0.0594483821842862;13.5
Texas;5;2021;20.35;6;29561286;2088972.3;112702;0.0594483821842862;13.5
Texas;6;2021;18.29;5.8;29561286;2088972.3;112702;0.0594483821842862;13.5
Texas;7;2021;19.06;5.6;29561286;2088972.3;112702;0.0594483821842862;13.5
Texas;8;2021;19.55;5.3;29561286;2088972.3;112702;0.0594483821842862;13.5
Texas;9;2021;19.92;5.1;29561286;2088972.3;112702;0.0594483821842862;13.5
Texas;10;2021;20.61;4.9;29561286;2088972.3;112702;0.0594483821842862;13.5
Texas;11;2021;20.3;4.6;29561286;2088972.3;112702;0.0594483821842862;13.5
Texas;12;2021;21.84;4.5;29561286;2088972.3;112702;0.0594483821842862;13.5
Texas;1;2022;20.39;4.3;30029848;2436925;117117;0.0391741051622864;13.5
Texas;2;2022;18.98;4.1;30029848;2436925;117117;0.0391741051622864;13.5
Texas;3;2022;21.14;3.9;30029848;2436925;117117;0.0391741051622864;13.5
Texas;4;2022;21.29;3.8;30029848;2436925;117117;0.0391741051622864;13.5
Texas;5;2022;21.26;3.8;30029848;2436925;117117;0.0391741051622864;13.5
Texas;6;2022;20.76;3.8;30029848;2436925;117117;0.0391741051622864;13.5
Texas;7;2022;20.81;3.8;30029848;2436925;117117;0.0391741051622864;13.5
Texas;8;2022;21.25;3.8;30029848;2436925;117117;0.0391741051622864;13.5
Texas;9;2022;20.19;3.9;30029848;2436925;117117;0.0391741051622864;13.5
Texas;10;2022;21.6;4;30029848;2436925;117117;0.0391741051622864;13.5
Texas;11;2022;20.88;4;30029848;2436925;117117;0.0391741051622864;13.5
Texas;12;2022;22.93;4.1;30029848;2436925;117117;0.0391741051622864;13.5
Texas;1;2023;23.52;4.1;30503301;2583866.2;125777;0.0739431508662278;12.3
Texas;2;2023;21.58;4;30503301;2583866.2;125777;0.0739431508662278;12.3
Texas;3;2023;22.84;4;30503301;2583866.2;125777;0.0739431508662278;12.3
Texas;4;2023;23.73;4;30503301;2583866.2;125777;0.0739431508662278;12.3
Texas;5;2023;24.85;4;30503301;2583866.2;125777;0.0739431508662278;12.3
Texas;6;2023;24.47;3.9;30503301;2583866.2;125777;0.0739431508662278;12.3
Texas;7;2023;25.62;3.9;30503301;2583866.2;125777;0.0739431508662278;12.3
Texas;8;2023;25.6;3.9;30503301;2583866.2;125777;0.0739431508662278;12.3
Texas;9;2023;25.38;3.9;30503301;2583866.2;125777;0.0739431508662278;12.3
Texas;10;2023;26.94;3.9;30503301;2583866.2;125777;0.0739431508662278;12.3
Texas;11;2023;26.58;3.9;30503301;2583866.2;125777;0.0739431508662278;12.3
Texas;12;2023;27.65;3.9;30503301;2583866.2;125777;0.0739431508662278;12.3
Utah;1;2021;26.12;3.4;3339284;232561.9;122299;0.0805898672886957;7.9
Utah;2;2021;28.15;3.2;3339284;232561.9;122299;0.0805898672886957;7.9
Utah;3;2021;30.01;3.1;3339284;232561.9;122299;0.0805898672886957;7.9
Utah;4;2021;27.42;3;3339284;232561.9;122299;0.0805898672886957;7.9
Utah;5;2021;27.77;2.9;3339284;232561.9;122299;0.0805898672886957;7.9
Utah;6;2021;25.05;2.8;3339284;232561.9;122299;0.0805898672886957;7.9
Utah;7;2021;27.22;2.7;3339284;232561.9;122299;0.0805898672886957;7.9
Utah;8;2021;29.88;2.6;3339284;232561.9;122299;0.0805898672886957;7.9
Utah;9;2021;25.81;2.5;3339284;232561.9;122299;0.0805898672886957;7.9
Utah;10;2021;27.87;2.4;3339284;232561.9;122299;0.0805898672886957;7.9
Utah;11;2021;29.44;2.3;3339284;232561.9;122299;0.0805898672886957;7.9
Utah;12;2021;25.66;2.2;3339284;232561.9;122299;0.0805898672886957;7.9
Utah;1;2022;25.73;2.2;3381236;261080.8;126365;0.0332463879508418;6
Utah;2;2022;25.99;2.2;3381236;261080.8;126365;0.0332463879508418;6
Utah;3;2022;28.24;2.2;3381236;261080.8;126365;0.0332463879508418;6
Utah;4;2022;28.59;2.3;3381236;261080.8;126365;0.0332463879508418;6
Utah;5;2022;29.63;2.3;3381236;261080.8;126365;0.0332463879508418;6
Utah;6;2022;27.17;2.3;3381236;261080.8;126365;0.0332463879508418;6
Utah;7;2022;28.78;2.4;3381236;261080.8;126365;0.0332463879508418;6
Utah;8;2022;28.19;2.4;3381236;261080.8;126365;0.0332463879508418;6
Utah;9;2022;30.54;2.5;3381236;261080.8;126365;0.0332463879508418;6
Utah;10;2022;30.61;2.5;3381236;261080.8;126365;0.0332463879508418;6
Utah;11;2022;30.97;2.5;3381236;261080.8;126365;0.0332463879508418;6
Utah;12;2022;31.72;2.5;3381236;261080.8;126365;0.0332463879508418;6
Utah;1;2023;32.41;2.5;3417734;281329.1;131024;0.0368693863015867;6.3
Utah;2;2023;28.2;2.5;3417734;281329.1;131024;0.0368693863015867;6.3
Utah;3;2023;28.55;2.5;3417734;281329.1;131024;0.0368693863015867;6.3
Utah;4;2023;27.77;2.5;3417734;281329.1;131024;0.0368693863015867;6.3
Utah;5;2023;30.31;2.5;3417734;281329.1;131024;0.0368693863015867;6.3
Utah;6;2023;28.92;2.6;3417734;281329.1;131024;0.0368693863015867;6.3
Utah;7;2023;29.54;2.7;3417734;281329.1;131024;0.0368693863015867;6.3
Utah;8;2023;31.53;2.7;3417734;281329.1;131024;0.0368693863015867;6.3
Utah;9;2023;27.95;2.8;3417734;281329.1;131024;0.0368693863015867;6.3
Utah;10;2023;33.55;2.8;3417734;281329.1;131024;0.0368693863015867;6.3
Utah;11;2023;32.12;2.8;3417734;281329.1;131024;0.0368693863015867;6.3
Utah;12;2023;29.09;2.8;3417734;281329.1;131024;0.0368693863015867;6.3
Vermont;1;2021;23.55;4.4;647093;37438.8;103476;0.0455606414259299;7.5
Vermont;2;2021;17.73;4.4;647093;37438.8;103476;0.0455606414259299;7.5
Vermont;3;2021;18.28;4.4;647093;37438.8;103476;0.0455606414259299;7.5
Vermont;4;2021;20.29;4.2;647093;37438.8;103476;0.0455606414259299;7.5
Vermont;5;2021;22;3.9;647093;37438.8;103476;0.0455606414259299;7.5
Vermont;6;2021;19.52;3.7;647093;37438.8;103476;0.0455606414259299;7.5
Vermont;7;2021;21.93;3.4;647093;37438.8;103476;0.0455606414259299;7.5
Vermont;8;2021;22.18;3.2;647093;37438.8;103476;0.0455606414259299;7.5
Vermont;9;2021;23.21;3.1;647093;37438.8;103476;0.0455606414259299;7.5
Vermont;10;2021;24.16;2.9;647093;37438.8;103476;0.0455606414259299;7.5
Vermont;11;2021;22;2.8;647093;37438.8;103476;0.0455606414259299;7.5
Vermont;12;2021;25.48;2.6;647093;37438.8;103476;0.0455606414259299;7.5
Vermont;1;2022;24.11;2.4;647110;41011.6;106638;0.0305578105067842;9
Vermont;2;2022;26.58;2.3;647110;41011.6;106638;0.0305578105067842;9
Vermont;3;2022;34.62;2.2;647110;41011.6;106638;0.0305578105067842;9
Vermont;4;2022;24.32;2.2;647110;41011.6;106638;0.0305578105067842;9
Vermont;5;2022;26.28;2.2;647110;41011.6;106638;0.0305578105067842;9
Vermont;6;2022;31.87;2.2;647110;41011.6;106638;0.0305578105067842;9
Vermont;7;2022;28.59;2.3;647110;41011.6;106638;0.0305578105067842;9
Vermont;8;2022;34.46;2.4;647110;41011.6;106638;0.0305578105067842;9
Vermont;9;2022;37.8;2.5;647110;41011.6;106638;0.0305578105067842;9
Vermont;10;2022;38.02;2.5;647110;41011.6;106638;0.0305578105067842;9
Vermont;11;2022;35.24;2.4;647110;41011.6;106638;0.0305578105067842;9
Vermont;12;2022;39.25;2.3;647110;41011.6;106638;0.0305578105067842;9
Vermont;1;2023;36.57;2.1;647464;43533.8;108123;0.0139256175097057;6.7
Vermont;2;2023;35.33;1.9;647464;43533.8;108123;0.0139256175097057;6.7
Vermont;3;2023;38.15;1.8;647464;43533.8;108123;0.0139256175097057;6.7
Vermont;4;2023;36.76;1.7;647464;43533.8;108123;0.0139256175097057;6.7
Vermont;5;2023;43.86;1.7;647464;43533.8;108123;0.0139256175097057;6.7
Vermont;6;2023;42.94;1.8;647464;43533.8;108123;0.0139256175097057;6.7
Vermont;7;2023;41.55;1.9;647464;43533.8;108123;0.0139256175097057;6.7
Vermont;8;2023;51.12;2.1;647464;43533.8;108123;0.0139256175097057;6.7
Vermont;9;2023;42.94;2.2;647464;43533.8;108123;0.0139256175097057;6.7
Vermont;10;2023;56.53;2.3;647464;43533.8;108123;0.0139256175097057;6.7
Vermont;11;2023;59.31;2.3;647464;43533.8;108123;0.0139256175097057;6.7
Vermont;12;2023;38.77;2.3;647464;43533.8;108123;0.0139256175097057;6.7
Virginia;1;2021;22.3;4.8;8657348;615984.7;109764;0.0578744976339402;9.8
Virginia;2;2021;20.04;4.7;8657348;615984.7;109764;0.0578744976339402;9.8
Virginia;3;2021;20.52;4.5;8657348;615984.7;109764;0.0578744976339402;9.8
Virginia;4;2021;18.46;4.4;8657348;615984.7;109764;0.0578744976339402;9.8
Virginia;5;2021;24.11;4.2;8657348;615984.7;109764;0.0578744976339402;9.8
Virginia;6;2021;25.08;4;8657348;615984.7;109764;0.0578744976339402;9.8
Virginia;7;2021;23.75;3.8;8657348;615984.7;109764;0.0578744976339402;9.8
Virginia;8;2021;25.18;3.5;8657348;615984.7;109764;0.0578744976339402;9.8
Virginia;9;2021;26.03;3.3;8657348;615984.7;109764;0.0578744976339402;9.8
Virginia;10;2021;28.72;3.1;8657348;615984.7;109764;0.0578744976339402;9.8
Virginia;11;2021;26.98;3;8657348;615984.7;109764;0.0578744976339402;9.8
Virginia;12;2021;30.15;2.9;8657348;615984.7;109764;0.0578744976339402;9.8
Virginia;1;2022;26.96;2.8;8679099;666681.8;112677;0.0265387558762436;8.3
Virginia;2;2022;27.28;2.7;8679099;666681.8;112677;0.0265387558762436;8.3
Virginia;3;2022;30.34;2.7;8679099;666681.8;112677;0.0265387558762436;8.3
Virginia;4;2022;30.05;2.6;8679099;666681.8;112677;0.0265387558762436;8.3
Virginia;5;2022;30.89;2.5;8679099;666681.8;112677;0.0265387558762436;8.3
Virginia;6;2022;31.84;2.5;8679099;666681.8;112677;0.0265387558762436;8.3
Virginia;7;2022;33.38;2.6;8679099;666681.8;112677;0.0265387558762436;8.3
Virginia;8;2022;33.19;2.7;8679099;666681.8;112677;0.0265387558762436;8.3
Virginia;9;2022;31.14;2.8;8679099;666681.8;112677;0.0265387558762436;8.3
Virginia;10;2022;34.36;3;8679099;666681.8;112677;0.0265387558762436;8.3
Virginia;11;2022;35.8;3.1;8679099;666681.8;112677;0.0265387558762436;8.3
Virginia;12;2022;36.66;3.1;8679099;666681.8;112677;0.0265387558762436;8.3
Virginia;1;2023;37.77;3.1;8715698;719896.9;116001;0.0295002529353817;9.4
Virginia;2;2023;34.53;3;8715698;719896.9;116001;0.0295002529353817;9.4
Virginia;3;2023;35.79;2.9;8715698;719896.9;116001;0.0295002529353817;9.4
Virginia;4;2023;35.72;2.7;8715698;719896.9;116001;0.0295002529353817;9.4
Virginia;5;2023;39.35;2.6;8715698;719896.9;116001;0.0295002529353817;9.4
Virginia;6;2023;37.15;2.6;8715698;719896.9;116001;0.0295002529353817;9.4
Virginia;7;2023;38.42;2.6;8715698;719896.9;116001;0.0295002529353817;9.4
Virginia;8;2023;41.15;2.7;8715698;719896.9;116001;0.0295002529353817;9.4
Virginia;9;2023;36.97;2.9;8715698;719896.9;116001;0.0295002529353817;9.4
Virginia;10;2023;39.79;3;8715698;719896.9;116001;0.0295002529353817;9.4
Virginia;11;2023;43.76;3.1;8715698;719896.9;116001;0.0295002529353817;9.4
Virginia;12;2023;48.77;3;8715698;719896.9;116001;0.0295002529353817;9.4
Washington;1;2021;28.2;6.4;7741433;687702.3;119516;0.0694082803174688;7.7
Washington;2;2021;25.54;6.2;7741433;687702.3;119516;0.0694082803174688;7.7
Washington;3;2021;24.91;6;7741433;687702.3;119516;0.0694082803174688;7.7
Washington;4;2021;23.98;5.7;7741433;687702.3;119516;0.0694082803174688;7.7
Washington;5;2021;25.04;5.5;7741433;687702.3;119516;0.0694082803174688;7.7
Washington;6;2021;23.69;5.4;7741433;687702.3;119516;0.0694082803174688;7.7
Washington;7;2021;21.86;5.2;7741433;687702.3;119516;0.0694082803174688;7.7
Washington;8;2021;22.13;5;7741433;687702.3;119516;0.0694082803174688;7.7
Washington;9;2021;23.91;4.7;7741433;687702.3;119516;0.0694082803174688;7.7
Washington;10;2021;27.68;4.5;7741433;687702.3;119516;0.0694082803174688;7.7
Washington;11;2021;29.27;4.2;7741433;687702.3;119516;0.0694082803174688;7.7
Washington;12;2021;28.52;4.1;7741433;687702.3;119516;0.0694082803174688;7.7
Washington;1;2022;33.8;4;7784477;742909.5;122176;0.0222564342849493;9
Washington;2;2022;35.67;4;7784477;742909.5;122176;0.0222564342849493;9
Washington;3;2022;35.31;3.9;7784477;742909.5;122176;0.0222564342849493;9
Washington;4;2022;33.15;3.9;7784477;742909.5;122176;0.0222564342849493;9
Washington;5;2022;33.85;3.9;7784477;742909.5;122176;0.0222564342849493;9
Washington;6;2022;32.73;4;7784477;742909.5;122176;0.0222564342849493;9
Washington;7;2022;30.85;4;7784477;742909.5;122176;0.0222564342849493;9
Washington;8;2022;31.35;4.1;7784477;742909.5;122176;0.0222564342849493;9
Washington;9;2022;29.92;4.2;7784477;742909.5;122176;0.0222564342849493;9
Washington;10;2022;30.33;4.3;7784477;742909.5;122176;0.0222564342849493;9
Washington;11;2022;29.1;4.3;7784477;742909.5;122176;0.0222564342849493;9
Washington;12;2022;30.02;4.2;7784477;742909.5;122176;0.0222564342849493;9
Washington;1;2023;29.77;4.1;7812880;807864.5;128467;0.0514912912519644;8.7
Washington;2;2023;26.08;4;7812880;807864.5;128467;0.0514912912519644;8.7
Washington;3;2023;28.8;3.9;7812880;807864.5;128467;0.0514912912519644;8.7
Washington;4;2023;30.14;3.8;7812880;807864.5;128467;0.0514912912519644;8.7
Washington;5;2023;32.38;3.8;7812880;807864.5;128467;0.0514912912519644;8.7
Washington;6;2023;30.34;3.8;7812880;807864.5;128467;0.0514912912519644;8.7
Washington;7;2023;30.75;3.9;7812880;807864.5;128467;0.0514912912519644;8.7
Washington;8;2023;29.54;4.1;7812880;807864.5;128467;0.0514912912519644;8.7
Washington;9;2023;30.64;4.3;7812880;807864.5;128467;0.0514912912519644;8.7
Washington;10;2023;32.25;4.4;7812880;807864.5;128467;0.0514912912519644;8.7
Washington;11;2023;31.66;4.4;7812880;807864.5;128467;0.0514912912519644;8.7
Washington;12;2023;33.02;4.4;7812880;807864.5;128467;0.0514912912519644;8.7
West Virginia;1;2021;28.11;6.1;1785249;86550.5;100788;0.0162436855319278;16.9
West Virginia;2;2021;27.26;6;1785249;86550.5;100788;0.0162436855319278;16.9
West Virginia;3;2021;26.52;5.9;1785249;86550.5;100788;0.0162436855319278;16.9
West Virginia;4;2021;25.14;5.7;1785249;86550.5;100788;0.0162436855319278;16.9
West Virginia;5;2021;26.85;5.5;1785249;86550.5;100788;0.0162436855319278;16.9
West Virginia;6;2021;28.95;5.4;1785249;86550.5;100788;0.0162436855319278;16.9
West Virginia;7;2021;27.78;5.1;1785249;86550.5;100788;0.0162436855319278;16.9
West Virginia;8;2021;23.9;4.9;1785249;86550.5;100788;0.0162436855319278;16.9
West Virginia;9;2021;25.57;4.6;1785249;86550.5;100788;0.0162436855319278;16.9
West Virginia;10;2021;21.41;4.4;1785249;86550.5;100788;0.0162436855319278;16.9
West Virginia;11;2021;27.27;4.2;1785249;86550.5;100788;0.0162436855319278;16.9
West Virginia;12;2021;32.49;4;1785249;86550.5;100788;0.0162436855319278;16.9
West Virginia;1;2022;28.21;3.9;1774035;98290;102681;0.0187819978568877;15.5
West Virginia;2;2022;28.09;3.8;1774035;98290;102681;0.0187819978568877;15.5
West Virginia;3;2022;29.86;3.8;1774035;98290;102681;0.0187819978568877;15.5
West Virginia;4;2022;30.39;3.8;1774035;98290;102681;0.0187819978568877;15.5
West Virginia;5;2022;29.28;3.8;1774035;98290;102681;0.0187819978568877;15.5
West Virginia;6;2022;29.33;3.9;1774035;98290;102681;0.0187819978568877;15.5
West Virginia;7;2022;28.98;4;1774035;98290;102681;0.0187819978568877;15.5
West Virginia;8;2022;24.65;4;1774035;98290;102681;0.0187819978568877;15.5
West Virginia;9;2022;24.99;4;1774035;98290;102681;0.0187819978568877;15.5
West Virginia;10;2022;23.91;4;1774035;98290;102681;0.0187819978568877;15.5
West Virginia;11;2022;29.22;3.8;1774035;98290;102681;0.0187819978568877;15.5
West Virginia;12;2022;28.67;3.7;1774035;98290;102681;0.0187819978568877;15.5
West Virginia;1;2023;24.65;3.6;1770071;102151.8;107484;0.046775937125661;13.3
West Virginia;2;2023;22.35;3.5;1770071;102151.8;107484;0.046775937125661;13.3
West Virginia;3;2023;23.73;3.5;1770071;102151.8;107484;0.046775937125661;13.3
West Virginia;4;2023;26.08;3.5;1770071;102151.8;107484;0.046775937125661;13.3
West Virginia;5;2023;24.8;3.6;1770071;102151.8;107484;0.046775937125661;13.3
West Virginia;6;2023;25.97;3.8;1770071;102151.8;107484;0.046775937125661;13.3
West Virginia;7;2023;24.91;4;1770071;102151.8;107484;0.046775937125661;13.3
West Virginia;8;2023;28.63;4.2;1770071;102151.8;107484;0.046775937125661;13.3
West Virginia;9;2023;31.27;4.3;1770071;102151.8;107484;0.046775937125661;13.3
West Virginia;10;2023;32.35;4.3;1770071;102151.8;107484;0.046775937125661;13.3
West Virginia;11;2023;32.89;4.3;1770071;102151.8;107484;0.046775937125661;13.3
West Virginia;12;2023;37.19;4.3;1770071;102151.8;107484;0.046775937125661;13.3
Wisconsin;1;2021;26.73;4.7;5879978;368880.4;103923;0.037352392170172;9.3
Wisconsin;2;2021;24.36;4.6;5879978;368880.4;103923;0.037352392170172;9.3
Wisconsin;3;2021;23.92;4.4;5879978;368880.4;103923;0.037352392170172;9.3
Wisconsin;4;2021;21.87;4.3;5879978;368880.4;103923;0.037352392170172;9.3
Wisconsin;5;2021;24.21;4.1;5879978;368880.4;103923;0.037352392170172;9.3
Wisconsin;6;2021;24.36;4;5879978;368880.4;103923;0.037352392170172;9.3
Wisconsin;7;2021;25.44;3.8;5879978;368880.4;103923;0.037352392170172;9.3
Wisconsin;8;2021;25.33;3.6;5879978;368880.4;103923;0.037352392170172;9.3
Wisconsin;9;2021;24.06;3.4;5879978;368880.4;103923;0.037352392170172;9.3
Wisconsin;10;2021;26.02;3.3;5879978;368880.4;103923;0.037352392170172;9.3
Wisconsin;11;2021;27.64;3.1;5879978;368880.4;103923;0.037352392170172;9.3
Wisconsin;12;2021;27.09;3;5879978;368880.4;103923;0.037352392170172;9.3
Wisconsin;1;2022;26.54;3;5890543;400621.4;105549;0.0156461995900811;6.6
Wisconsin;2;2022;24.92;2.9;5890543;400621.4;105549;0.0156461995900811;6.6
Wisconsin;3;2022;27.47;2.9;5890543;400621.4;105549;0.0156461995900811;6.6
Wisconsin;4;2022;27.98;2.9;5890543;400621.4;105549;0.0156461995900811;6.6
Wisconsin;5;2022;26.98;2.9;5890543;400621.4;105549;0.0156461995900811;6.6
Wisconsin;6;2022;25.31;2.9;5890543;400621.4;105549;0.0156461995900811;6.6
Wisconsin;7;2022;26.27;2.9;5890543;400621.4;105549;0.0156461995900811;6.6
Wisconsin;8;2022;28.44;2.9;5890543;400621.4;105549;0.0156461995900811;6.6
Wisconsin;9;2022;25.98;3;5890543;400621.4;105549;0.0156461995900811;6.6
Wisconsin;10;2022;28.65;2.9;5890543;400621.4;105549;0.0156461995900811;6.6
Wisconsin;11;2022;28.15;2.8;5890543;400621.4;105549;0.0156461995900811;6.6
Wisconsin;12;2022;30.01;2.7;5890543;400621.4;105549;0.0156461995900811;6.6
Wisconsin;1;2023;26.28;2.7;5910955;428447.1;107047;0.0141924603738548;9.3
Wisconsin;2;2023;24.45;2.6;5910955;428447.1;107047;0.0141924603738548;9.3
Wisconsin;3;2023;31.68;2.6;5910955;428447.1;107047;0.0141924603738548;9.3
Wisconsin;4;2023;32.09;2.7;5910955;428447.1;107047;0.0141924603738548;9.3
Wisconsin;5;2023;28.49;2.9;5910955;428447.1;107047;0.0141924603738548;9.3
Wisconsin;6;2023;30.39;3;5910955;428447.1;107047;0.0141924603738548;9.3
Wisconsin;7;2023;32.67;3.2;5910955;428447.1;107047;0.0141924603738548;9.3
Wisconsin;8;2023;32.21;3.3;5910955;428447.1;107047;0.0141924603738548;9.3
Wisconsin;9;2023;30.17;3.4;5910955;428447.1;107047;0.0141924603738548;9.3
Wisconsin;10;2023;31.4;3.4;5910955;428447.1;107047;0.0141924603738548;9.3
Wisconsin;11;2023;31.99;3.4;5910955;428447.1;107047;0.0141924603738548;9.3
Wisconsin;12;2023;34.21;3.4;5910955;428447.1;107047;0.0141924603738548;9.3
Wyoming;1;2021;24.65;5.3;579548;42319.1;98702;0.0257950530035336;9.4
Wyoming;2;2021;19.33;5.3;579548;42319.1;98702;0.0257950530035336;9.4
Wyoming;3;2021;17.32;5.2;579548;42319.1;98702;0.0257950530035336;9.4
Wyoming;4;2021;20.43;5;579548;42319.1;98702;0.0257950530035336;9.4
Wyoming;5;2021;18.65;4.9;579548;42319.1;98702;0.0257950530035336;9.4
Wyoming;6;2021;23.2;4.7;579548;42319.1;98702;0.0257950530035336;9.4
Wyoming;7;2021;24.65;4.5;579548;42319.1;98702;0.0257950530035336;9.4
Wyoming;8;2021;14.21;4.3;579548;42319.1;98702;0.0257950530035336;9.4
Wyoming;9;2021;14.33;4.1;579548;42319.1;98702;0.0257950530035336;9.4
Wyoming;10;2021;21.84;3.9;579548;42319.1;98702;0.0257950530035336;9.4
Wyoming;11;2021;23.76;3.7;579548;42319.1;98702;0.0257950530035336;9.4
Wyoming;12;2021;20.21;3.6;579548;42319.1;98702;0.0257950530035336;9.4
Wyoming;1;2022;17.62;3.5;581629;49782.6;100550;0.0187230248627181;7.1
Wyoming;2;2022;21.37;3.4;581629;49782.6;100550;0.0187230248627181;7.1
Wyoming;3;2022;22.25;3.3;581629;49782.6;100550;0.0187230248627181;7.1
Wyoming;4;2022;18.51;3.3;581629;49782.6;100550;0.0187230248627181;7.1
Wyoming;5;2022;21.5;3.3;581629;49782.6;100550;0.0187230248627181;7.1
Wyoming;6;2022;23.49;3.4;581629;49782.6;100550;0.0187230248627181;7.1
Wyoming;7;2022;29.48;3.4;581629;49782.6;100550;0.0187230248627181;7.1
Wyoming;8;2022;23.49;3.5;581629;49782.6;100550;0.0187230248627181;7.1
Wyoming;9;2022;30.14;3.5;581629;49782.6;100550;0.0187230248627181;7.1
Wyoming;10;2022;34.13;3.5;581629;49782.6;100550;0.0187230248627181;7.1
Wyoming;11;2022;25.93;3.5;581629;49782.6;100550;0.0187230248627181;7.1
Wyoming;12;2022;24.16;3.4;581629;49782.6;100550;0.0187230248627181;7.1
Wyoming;1;2023;31.64;3.3;584057;51990.5;106886;0.0630134261561412;9.4
Wyoming;2;2023;31.25;3.1;584057;51990.5;106886;0.0630134261561412;9.4
Wyoming;3;2023;37.27;3;584057;51990.5;106886;0.0630134261561412;9.4
Wyoming;4;2023;33.97;2.8;584057;51990.5;106886;0.0630134261561412;9.4
Wyoming;5;2023;31.84;2.8;584057;51990.5;106886;0.0630134261561412;9.4
Wyoming;6;2023;36.3;2.8;584057;51990.5;106886;0.0630134261561412;9.4
Wyoming;7;2023;33.39;2.8;584057;51990.5;106886;0.0630134261561412;9.4
Wyoming;8;2023;33.97;2.8;584057;51990.5;106886;0.0630134261561412;9.4
Wyoming;9;2023;29.7;2.9;584057;51990.5;106886;0.0630134261561412;9.4
Wyoming;10;2023;31.25;2.9;584057;51990.5;106886;0.0630134261561412;9.4
Wyoming;11;2023;33.39;2.9;584057;51990.5;106886;0.0630134261561412;9.4
Wyoming;12;2023;30.28;2.9;584057;51990.5;106886;0.0630134261561412;9.4